source_id,path,denomination,current_status,proposed_physical_note_id,confidence,reason
SRC_002579,data2/data/real_currency/10/8dcd87ac-1a00-4ee0-9462-e198fd594f57.jpg,10,REVIEW,REVIEW,LOW,"UUID filename — no timestamp, cannot safely cluster without human inspection"
SRC_002580,data2/data/real_currency/10/a3b2b825-7ad3-4a30-a9a1-0bddc1365f39.jpg,10,REVIEW,REVIEW,LOW,"UUID filename — no timestamp, cannot safely cluster without human inspection"
SRC_002581,data2/data/real_currency/10/a7b1c2c9-5613-4ac5-9abf-c4ee999b1289.jpg,10,REVIEW,REVIEW,LOW,"UUID filename — no timestamp, cannot safely cluster without human inspection"
SRC_002582,data2/data/real_currency/10/cd6f17da-5b8b-466c-8cca-4693f75c4ed0.jpg,10,REVIEW,REVIEW,LOW,"UUID filename — no timestamp, cannot safely cluster without human inspection"
SRC_002583,data2/data/real_currency/10/d6047f26-1204-4e00-af30-5c1ba2989a1f.jpg,10,REVIEW,REVIEW,LOW,"UUID filename — no timestamp, cannot safely cluster without human inspection"
SRC_002584,data2/data/real_currency/10/dad419d1-60fd-443a-a147-db1e5dd5517d.jpg,10,REVIEW,REVIEW,LOW,"UUID filename — no timestamp, cannot safely cluster without human inspection"
SRC_002623,data2/data/real_currency/10/WhatsApp Image 2026-09-11 at 11.26.02.jpeg,10,REVIEW,WA_10_C01,HIGH,"WhatsApp burst same day (2026-09-11), gap <5 min"
SRC_002624,data2/data/real_currency/10/WhatsApp Image 2026-09-11 at 11.28.16.jpeg,10,REVIEW,WA_10_C01,HIGH,"WhatsApp burst same day (2026-09-11), gap <5 min"
SRC_002625,data2/data/real_currency/10/WhatsApp Image 2026-09-11 at 11.28.18.jpeg,10,REVIEW,WA_10_C01,HIGH,"WhatsApp burst same day (2026-09-11), gap <5 min"
SRC_002626,data2/data/real_currency/10/WhatsApp Image 2026-09-11 at 11.28.19.jpeg,10,REVIEW,WA_10_C01,HIGH,"WhatsApp burst same day (2026-09-11), gap <5 min"
SRC_002627,data2/data/real_currency/10/WhatsApp Image 2026-09-11 at 11.28.23.jpeg,10,REVIEW,WA_10_C01,HIGH,"WhatsApp burst same day (2026-09-11), gap <5 min"
SRC_002628,data2/data/real_currency/10/WhatsApp Image 2026-09-11 at 11.28.24 (1).jpeg,10,REVIEW,WA_10_C01,HIGH,"WhatsApp burst same day (2026-09-11), gap <5 min"
SRC_002629,data2/data/real_currency/10/WhatsApp Image 2026-09-11 at 11.28.24.jpeg,10,REVIEW,WA_10_C01,HIGH,"WhatsApp burst same day (2026-09-11), gap <5 min"
SRC_002630,data2/data/real_currency/10/WhatsApp Image 2026-09-11 at 11.31.26.jpeg,10,REVIEW,WA_10_C01,HIGH,"WhatsApp burst same day (2026-09-11), gap <5 min"
SRC_002631,data2/data/real_currency/10/WhatsApp Image 2026-09-11 at 11.32.03.jpeg,10,REVIEW,WA_10_C01,HIGH,"WhatsApp burst same day (2026-09-11), gap <5 min"
SRC_002632,data2/data/real_currency/10/WhatsApp Image 2026-09-11 at 11.32.27.jpeg,10,REVIEW,WA_10_C01,HIGH,"WhatsApp burst same day (2026-09-11), gap <5 min"
SRC_002633,data2/data/real_currency/10/WhatsApp Image 2026-09-11 at 11.32.31.jpeg,10,REVIEW,WA_10_C01,HIGH,"WhatsApp burst same day (2026-09-11), gap <5 min"
SRC_002634,data2/data/real_currency/10/WhatsApp Image 2026-09-11 at 11.33.20.jpeg,10,REVIEW,WA_10_C01,HIGH,"WhatsApp burst same day (2026-09-11), gap <5 min"
SRC_002635,data2/data/real_currency/10/WhatsApp Image 2026-09-11 at 11.33.22.jpeg,10,REVIEW,WA_10_C01,HIGH,"WhatsApp burst same day (2026-09-11), gap <5 min"
SRC_002636,data2/data/real_currency/20/2150772c-317f-419d-9d7e-281fc14fbb74.jpg,20,REVIEW,REVIEW,LOW,"UUID filename — no timestamp, cannot safely cluster without human inspection"
SRC_002637,data2/data/real_currency/20/321d5df7-2c84-4561-9cb5-34552c7ac69f.jpg,20,REVIEW,REVIEW,LOW,"UUID filename — no timestamp, cannot safely cluster without human inspection"
SRC_002638,data2/data/real_currency/20/c21c262d-0c11-4e45-bd11-6a749d204e43.jpg,20,REVIEW,REVIEW,LOW,"UUID filename — no timestamp, cannot safely cluster without human inspection"
SRC_002639,data2/data/real_currency/20/e1a9468a-e068-4fcd-9bf1-e1de40303ed3.jpg,20,REVIEW,REVIEW,LOW,"UUID filename — no timestamp, cannot safely cluster without human inspection"
SRC_002640,data2/data/real_currency/20/e4529102-6a2e-40dc-9acc-e6ddd777d02e.jpg,20,REVIEW,REVIEW,LOW,"UUID filename — no timestamp, cannot safely cluster without human inspection"
SRC_002641,data2/data/real_currency/20/WhatsApp Image 2026-09-10 at 12.12.54.jpeg,20,REVIEW,WA_20_C01,HIGH,"WhatsApp burst same day (2026-09-10), gap <5 min"
SRC_002642,data2/data/real_currency/20/WhatsApp Image 2026-09-10 at 12.12.55.jpeg,20,REVIEW,WA_20_C01,HIGH,"WhatsApp burst same day (2026-09-10), gap <5 min"
SRC_002643,data2/data/real_currency/20/WhatsApp Image 2026-09-10 at 12.12.57.jpeg,20,REVIEW,WA_20_C01,HIGH,"WhatsApp burst same day (2026-09-10), gap <5 min"
SRC_002644,data2/data/real_currency/20/WhatsApp Image 2026-09-10 at 12.12.58.jpeg,20,REVIEW,WA_20_C01,HIGH,"WhatsApp burst same day (2026-09-10), gap <5 min"
SRC_002645,data2/data/real_currency/20/WhatsApp Image 2026-09-10 at 12.12.59.jpeg,20,REVIEW,WA_20_C01,HIGH,"WhatsApp burst same day (2026-09-10), gap <5 min"
SRC_002646,data2/data/real_currency/20/WhatsApp Image 2026-09-10 at 12.13.00 (1).jpeg,20,REVIEW,WA_20_C01,HIGH,"WhatsApp burst same day (2026-09-10), gap <5 min"
SRC_002647,data2/data/real_currency/20/WhatsApp Image 2026-09-10 at 12.13.00.jpeg,20,REVIEW,WA_20_C01,HIGH,"WhatsApp burst same day (2026-09-10), gap <5 min"
SRC_002648,data2/data/real_currency/20/WhatsApp Image 2026-09-11 at 11.30.09 (1).jpeg,20,REVIEW,WA_20_C02,HIGH,"WhatsApp burst same day (2026-09-11), gap <5 min"
SRC_002649,data2/data/real_currency/20/WhatsApp Image 2026-09-11 at 11.30.09.jpeg,20,REVIEW,WA_20_C02,HIGH,"WhatsApp burst same day (2026-09-11), gap <5 min"
SRC_002650,data2/data/real_currency/20/WhatsApp Image 2026-09-11 at 11.30.17.jpeg,20,REVIEW,WA_20_C02,HIGH,"WhatsApp burst same day (2026-09-11), gap <5 min"
SRC_002651,data2/data/real_currency/20/WhatsApp Image 2026-09-11 at 11.30.20.jpeg,20,REVIEW,WA_20_C02,HIGH,"WhatsApp burst same day (2026-09-11), gap <5 min"
SRC_002652,data2/data/real_currency/20/WhatsApp Image 2026-09-11 at 11.30.22.jpeg,20,REVIEW,WA_20_C02,HIGH,"WhatsApp burst same day (2026-09-11), gap <5 min"
SRC_002653,data2/data/real_currency/20/WhatsApp Image 2026-09-11 at 11.30.23.jpeg,20,REVIEW,WA_20_C02,HIGH,"WhatsApp burst same day (2026-09-11), gap <5 min"
SRC_002654,data2/data/real_currency/20/WhatsApp Image 2026-09-11 at 11.30.24.jpeg,20,REVIEW,WA_20_C02,HIGH,"WhatsApp burst same day (2026-09-11), gap <5 min"
SRC_002655,data2/data/real_currency/20/WhatsApp Image 2026-09-11 at 11.30.25.jpeg,20,REVIEW,WA_20_C02,HIGH,"WhatsApp burst same day (2026-09-11), gap <5 min"
SRC_002656,data2/data/real_currency/20/WhatsApp Image 2026-09-11 at 11.30.26.jpeg,20,REVIEW,WA_20_C02,HIGH,"WhatsApp burst same day (2026-09-11), gap <5 min"
SRC_002657,data2/data/real_currency/20/WhatsApp Image 2026-09-11 at 11.33.26.jpeg,20,REVIEW,WA_20_C02,HIGH,"WhatsApp burst same day (2026-09-11), gap <5 min"
SRC_002658,data2/data/real_currency/20/WhatsApp Image 2026-09-11 at 11.33.43.jpeg,20,REVIEW,WA_20_C02,HIGH,"WhatsApp burst same day (2026-09-11), gap <5 min"
SRC_002659,data2/data/real_currency/20/WhatsApp Image 2026-09-11 at 11.33.44.jpeg,20,REVIEW,WA_20_C02,HIGH,"WhatsApp burst same day (2026-09-11), gap <5 min"
SRC_002660,data2/data/real_currency/20/WhatsApp Image 2026-09-11 at 11.33.46.jpeg,20,REVIEW,WA_20_C02,HIGH,"WhatsApp burst same day (2026-09-11), gap <5 min"
SRC_002661,data2/data/real_currency/20/WhatsApp Image 2026-09-11 at 11.33.47.jpeg,20,REVIEW,WA_20_C02,HIGH,"WhatsApp burst same day (2026-09-11), gap <5 min"
SRC_002662,data2/data/real_currency/20/WhatsApp Image 2026-09-11 at 11.33.49.jpeg,20,REVIEW,WA_20_C02,HIGH,"WhatsApp burst same day (2026-09-11), gap <5 min"
SRC_002663,data2/data/real_currency/20/WhatsApp Image 2026-09-11 at 11.33.55 (1).jpeg,20,REVIEW,WA_20_C02,HIGH,"WhatsApp burst same day (2026-09-11), gap <5 min"
SRC_002664,data2/data/real_currency/20/WhatsApp Image 2026-09-11 at 11.33.55.jpeg,20,REVIEW,WA_20_C02,HIGH,"WhatsApp burst same day (2026-09-11), gap <5 min"
SRC_002665,data2/data/real_currency/20/WhatsApp Image 2026-09-11 at 11.33.56 (1).jpeg,20,REVIEW,WA_20_C02,HIGH,"WhatsApp burst same day (2026-09-11), gap <5 min"
SRC_002666,data2/data/real_currency/20/WhatsApp Image 2026-09-11 at 11.33.56.jpeg,20,REVIEW,WA_20_C02,HIGH,"WhatsApp burst same day (2026-09-11), gap <5 min"
SRC_002667,data2/data/real_currency/20/WhatsApp Image 2026-09-11 at 11.33.57.jpeg,20,REVIEW,WA_20_C02,HIGH,"WhatsApp burst same day (2026-09-11), gap <5 min"
SRC_002668,data2/data/real_currency/20/WhatsApp Image 2026-09-11 at 11.33.59.jpeg,20,REVIEW,WA_20_C02,HIGH,"WhatsApp burst same day (2026-09-11), gap <5 min"
SRC_002669,data2/data/real_currency/20/WhatsApp Image 2026-09-11 at 11.34.00.jpeg,20,REVIEW,WA_20_C02,HIGH,"WhatsApp burst same day (2026-09-11), gap <5 min"
SRC_002670,data2/data/real_currency/20/WhatsApp Image 2026-09-11 at 11.34.02.jpeg,20,REVIEW,WA_20_C02,HIGH,"WhatsApp burst same day (2026-09-11), gap <5 min"
SRC_002671,data2/data/real_currency/50/2f23c14f-9a6b-4ffd-9c66-be87974894b5.jpg,50,REVIEW,REVIEW,LOW,"UUID filename — no timestamp, cannot safely cluster without human inspection"
SRC_002672,data2/data/real_currency/50/30ba7703-870c-4f85-927a-49af72f2c1e4.jpg,50,REVIEW,REVIEW,LOW,"UUID filename — no timestamp, cannot safely cluster without human inspection"
SRC_002673,data2/data/real_currency/50/3bec5e72-293a-4111-a811-792f97302e94.jpg,50,REVIEW,REVIEW,LOW,"UUID filename — no timestamp, cannot safely cluster without human inspection"
SRC_002674,data2/data/real_currency/50/3ce5e862-47e3-4e68-8055-b07f20a3c66e.jpg,50,REVIEW,REVIEW,LOW,"UUID filename — no timestamp, cannot safely cluster without human inspection"
SRC_002675,data2/data/real_currency/50/4e274eb0-0137-43fa-b449-fea604b7f48b.jpg,50,REVIEW,REVIEW,LOW,"UUID filename — no timestamp, cannot safely cluster without human inspection"
SRC_002676,data2/data/real_currency/50/5c6165ab-28a0-49b1-9954-bb24f83df7b7.jpg,50,REVIEW,REVIEW,LOW,"UUID filename — no timestamp, cannot safely cluster without human inspection"
SRC_002677,data2/data/real_currency/50/6ac1d9b4-1be1-4eae-afa0-97875a181add.jpg,50,REVIEW,REVIEW,LOW,"UUID filename — no timestamp, cannot safely cluster without human inspection"
SRC_002678,data2/data/real_currency/50/73800d48-06ac-4aed-af44-45df25727b5b.jpg,50,REVIEW,REVIEW,LOW,"UUID filename — no timestamp, cannot safely cluster without human inspection"
SRC_002679,data2/data/real_currency/50/76ff312c-f8e2-4fc8-919d-6a99dbd71ce2.jpg,50,REVIEW,REVIEW,LOW,"UUID filename — no timestamp, cannot safely cluster without human inspection"
SRC_002680,data2/data/real_currency/50/82addf9d-93a4-4e76-ac78-7096e4a9ce9e.jpg,50,REVIEW,REVIEW,LOW,"UUID filename — no timestamp, cannot safely cluster without human inspection"
SRC_002681,data2/data/real_currency/50/837685ee-25b8-48a0-8384-086a3b44f4ac.jpg,50,REVIEW,REVIEW,LOW,"UUID filename — no timestamp, cannot safely cluster without human inspection"
SRC_002682,data2/data/real_currency/50/8425d394-6af7-4575-aa75-f9ecc612673b.jpg,50,REVIEW,REVIEW,LOW,"UUID filename — no timestamp, cannot safely cluster without human inspection"
SRC_002683,data2/data/real_currency/50/8eec3069-4cd7-419a-b034-dce331d35f54.jpg,50,REVIEW,REVIEW,LOW,"UUID filename — no timestamp, cannot safely cluster without human inspection"
SRC_002684,data2/data/real_currency/50/aabf2201-6cb7-4c86-8194-4be783ecf3b9.jpg,50,REVIEW,REVIEW,LOW,"UUID filename — no timestamp, cannot safely cluster without human inspection"
SRC_002685,data2/data/real_currency/50/ad16a24c-83a7-4c81-a74f-f8ddbcaa332e.jpg,50,REVIEW,REVIEW,LOW,"UUID filename — no timestamp, cannot safely cluster without human inspection"
SRC_002686,data2/data/real_currency/50/cdac758d-5bcc-4773-be75-3ca07717dc43.jpg,50,REVIEW,REVIEW,LOW,"UUID filename — no timestamp, cannot safely cluster without human inspection"
SRC_002687,data2/data/real_currency/50/WhatsApp Image 2026-09-09 at 20.56.22 (1).jpeg,50,REVIEW,WA_50_C01,HIGH,"WhatsApp burst same day (2026-09-09), gap <5 min"
SRC_002688,data2/data/real_currency/50/WhatsApp Image 2026-09-09 at 20.56.24.jpeg,50,REVIEW,WA_50_C01,HIGH,"WhatsApp burst same day (2026-09-09), gap <5 min"
SRC_002689,data2/data/real_currency/50/WhatsApp Image 2026-09-09 at 20.56.25.jpeg,50,REVIEW,WA_50_C01,HIGH,"WhatsApp burst same day (2026-09-09), gap <5 min"
SRC_002690,data2/data/real_currency/50/WhatsApp Image 2026-09-09 at 20.56.28 (1).jpeg,50,REVIEW,WA_50_C01,HIGH,"WhatsApp burst same day (2026-09-09), gap <5 min"
SRC_002691,data2/data/real_currency/50/WhatsApp Image 2026-09-09 at 20.56.28.jpeg,50,REVIEW,WA_50_C01,HIGH,"WhatsApp burst same day (2026-09-09), gap <5 min"
SRC_002692,data2/data/real_currency/50/WhatsApp Image 2026-09-09 at 20.56.29 (1).jpeg,50,REVIEW,WA_50_C01,HIGH,"WhatsApp burst same day (2026-09-09), gap <5 min"
SRC_002693,data2/data/real_currency/50/WhatsApp Image 2026-09-09 at 20.56.29.jpeg,50,REVIEW,WA_50_C01,HIGH,"WhatsApp burst same day (2026-09-09), gap <5 min"
SRC_002694,data2/data/real_currency/50/WhatsApp Image 2026-09-11 at 09.21.27 (1).jpeg,50,REVIEW,WA_50_C02,HIGH,"WhatsApp burst same day (2026-09-11), gap <5 min"
SRC_002695,data2/data/real_currency/50/WhatsApp Image 2026-09-11 at 09.21.27.jpeg,50,REVIEW,WA_50_C02,HIGH,"WhatsApp burst same day (2026-09-11), gap <5 min"
SRC_002696,data2/data/real_currency/50/WhatsApp Image 2026-09-11 at 09.21.28 (1).jpeg,50,REVIEW,WA_50_C02,HIGH,"WhatsApp burst same day (2026-09-11), gap <5 min"
SRC_002697,data2/data/real_currency/50/WhatsApp Image 2026-09-11 at 09.21.28.jpeg,50,REVIEW,WA_50_C02,HIGH,"WhatsApp burst same day (2026-09-11), gap <5 min"
SRC_002698,data2/data/real_currency/50/WhatsApp Image 2026-09-11 at 09.21.29 (1).jpeg,50,REVIEW,WA_50_C02,HIGH,"WhatsApp burst same day (2026-09-11), gap <5 min"
SRC_002699,data2/data/real_currency/50/WhatsApp Image 2026-09-11 at 09.21.29.jpeg,50,REVIEW,WA_50_C02,HIGH,"WhatsApp burst same day (2026-09-11), gap <5 min"
SRC_002700,data2/data/real_currency/50/WhatsApp Image 2026-09-11 at 09.21.30 (1).jpeg,50,REVIEW,WA_50_C02,HIGH,"WhatsApp burst same day (2026-09-11), gap <5 min"
SRC_002701,data2/data/real_currency/50/WhatsApp Image 2026-09-11 at 09.21.30.jpeg,50,REVIEW,WA_50_C02,HIGH,"WhatsApp burst same day (2026-09-11), gap <5 min"
SRC_002702,data2/data/real_currency/50/WhatsApp Image 2026-09-11 at 09.21.31.jpeg,50,REVIEW,WA_50_C02,HIGH,"WhatsApp burst same day (2026-09-11), gap <5 min"
SRC_002703,data2/data/real_currency/100/0d86ef0d-4d38-458c-a69c-fcb97f2f7543.jpg,100,REVIEW,REVIEW,LOW,"UUID filename — no timestamp, cannot safely cluster without human inspection"
SRC_002704,data2/data/real_currency/100/12d4c8bc-a25e-4a60-8b8c-9e13b7624a1b.jpg,100,REVIEW,REVIEW,LOW,"UUID filename — no timestamp, cannot safely cluster without human inspection"
SRC_002705,data2/data/real_currency/100/17564d17-cddb-4ad8-940b-a86a6ef46938.jpg,100,REVIEW,REVIEW,LOW,"UUID filename — no timestamp, cannot safely cluster without human inspection"
SRC_002706,data2/data/real_currency/100/1feb7962-5a73-44be-8082-2d07c2595dba.jpg,100,REVIEW,REVIEW,LOW,"UUID filename — no timestamp, cannot safely cluster without human inspection"
SRC_002707,data2/data/real_currency/100/210deb28-3d59-46f7-89b5-5b12f6d189f7.jpg,100,REVIEW,REVIEW,LOW,"UUID filename — no timestamp, cannot safely cluster without human inspection"
SRC_002708,data2/data/real_currency/100/227327cc-70c9-49c7-abda-1dddecb4dde9.jpg,100,REVIEW,REVIEW,LOW,"UUID filename — no timestamp, cannot safely cluster without human inspection"
SRC_002709,data2/data/real_currency/100/23ab4697-47be-4b5d-8bd8-dbaf05a7ef8e.jpg,100,REVIEW,REVIEW,LOW,"UUID filename — no timestamp, cannot safely cluster without human inspection"
SRC_002710,data2/data/real_currency/100/28537431-98ab-49aa-818e-4dafb029e5ed.jpg,100,REVIEW,REVIEW,LOW,"UUID filename — no timestamp, cannot safely cluster without human inspection"
SRC_002711,data2/data/real_currency/100/3627db69-3bf7-4a23-a009-0294944e275d (1).jpg,100,REVIEW,REVIEW,LOW,"UUID filename — no timestamp, cannot safely cluster without human inspection"
SRC_002712,data2/data/real_currency/100/3627db69-3bf7-4a23-a009-0294944e275d.jpg,100,REVIEW,REVIEW,LOW,"UUID filename — no timestamp, cannot safely cluster without human inspection"
SRC_002713,data2/data/real_currency/100/38ac258b-2873-49a4-b15d-11764e9a9a1c.jpg,100,REVIEW,REVIEW,LOW,"UUID filename — no timestamp, cannot safely cluster without human inspection"
SRC_002714,data2/data/real_currency/100/3c540e5f-8529-49be-bd35-3c357f593887.jpg,100,REVIEW,REVIEW,LOW,"UUID filename — no timestamp, cannot safely cluster without human inspection"
SRC_002715,data2/data/real_currency/100/49c266e2-a44d-4f34-89a0-9ac3688869b0.jpg,100,REVIEW,REVIEW,LOW,"UUID filename — no timestamp, cannot safely cluster without human inspection"
SRC_002716,data2/data/real_currency/100/4c0a6342-2d9e-42c8-ac29-94c62912eaf4.jpg,100,REVIEW,REVIEW,LOW,"UUID filename — no timestamp, cannot safely cluster without human inspection"
SRC_002717,data2/data/real_currency/100/619aa6bd-8db1-4140-b0a4-144a0f4d76c1.jpg,100,REVIEW,REVIEW,LOW,"UUID filename — no timestamp, cannot safely cluster without human inspection"
SRC_002718,data2/data/real_currency/100/62964e55-a0b4-4cb7-99cc-c9c49e9ab013.jpg,100,REVIEW,REVIEW,LOW,"UUID filename — no timestamp, cannot safely cluster without human inspection"
SRC_002719,data2/data/real_currency/100/642539ce-8696-4101-b715-e36d934d8a2a.jpg,100,REVIEW,REVIEW,LOW,"UUID filename — no timestamp, cannot safely cluster without human inspection"
SRC_002720,data2/data/real_currency/100/6536d6e8-271f-48a0-80b4-86a57906a797.jpg,100,REVIEW,REVIEW,LOW,"UUID filename — no timestamp, cannot safely cluster without human inspection"
SRC_002721,data2/data/real_currency/100/6c1d942f-ee75-446c-88a7-ae201c0ae868.jpg,100,REVIEW,REVIEW,LOW,"UUID filename — no timestamp, cannot safely cluster without human inspection"
SRC_002722,data2/data/real_currency/100/7495c446-322c-4634-9db4-0b7f168a2389.jpg,100,REVIEW,REVIEW,LOW,"UUID filename — no timestamp, cannot safely cluster without human inspection"
SRC_002723,data2/data/real_currency/100/74e5318b-c720-440f-b659-430f92b7ffaf.jpg,100,REVIEW,REVIEW,LOW,"UUID filename — no timestamp, cannot safely cluster without human inspection"
SRC_002724,data2/data/real_currency/100/7a3cf1d7-e5e0-4b48-b726-38d1f4658e90.jpg,100,REVIEW,REVIEW,LOW,"UUID filename — no timestamp, cannot safely cluster without human inspection"
SRC_002725,data2/data/real_currency/100/8130d7d6-e845-4627-ae99-c1be814e3d3b.jpg,100,REVIEW,REVIEW,LOW,"UUID filename — no timestamp, cannot safely cluster without human inspection"
SRC_002726,data2/data/real_currency/100/87bf1de0-d58b-4dd8-8bd1-7bb847e04930.jpg,100,REVIEW,REVIEW,LOW,"UUID filename — no timestamp, cannot safely cluster without human inspection"
SRC_002727,data2/data/real_currency/100/8d7e0f22-c4a4-4ec3-9979-df3891d40590.jpg,100,REVIEW,REVIEW,LOW,"UUID filename — no timestamp, cannot safely cluster without human inspection"
SRC_002728,data2/data/real_currency/100/8e0e88ab-cba5-4eb0-9f94-83f871bdab54.jpg,100,REVIEW,REVIEW,LOW,"UUID filename — no timestamp, cannot safely cluster without human inspection"
SRC_002729,data2/data/real_currency/100/97be1f5f-2705-4f5c-b523-7490f266e8f6.jpg,100,REVIEW,REVIEW,LOW,"UUID filename — no timestamp, cannot safely cluster without human inspection"
SRC_002730,data2/data/real_currency/100/99128373-a571-4c6e-9c47-40ee87102aad.jpg,100,REVIEW,REVIEW,LOW,"UUID filename — no timestamp, cannot safely cluster without human inspection"
SRC_002731,data2/data/real_currency/100/a25d0846-4664-466f-897d-fea74ff25170.jpg,100,REVIEW,REVIEW,LOW,"UUID filename — no timestamp, cannot safely cluster without human inspection"
SRC_002732,data2/data/real_currency/100/ab351f8d-63da-477d-b62f-1ecb0a33dee9.jpg,100,REVIEW,REVIEW,LOW,"UUID filename — no timestamp, cannot safely cluster without human inspection"
SRC_002733,data2/data/real_currency/100/ad30ee07-db48-4625-a535-ef766fa610f1.jpg,100,REVIEW,REVIEW,LOW,"UUID filename — no timestamp, cannot safely cluster without human inspection"
SRC_002734,data2/data/real_currency/100/b6af5efb-fbd0-4966-915e-5b16658c513b.jpg,100,REVIEW,REVIEW,LOW,"UUID filename — no timestamp, cannot safely cluster without human inspection"
SRC_002735,data2/data/real_currency/100/ba949dcd-d1c7-4ba5-9bf1-f68fb517dff1.jpg,100,REVIEW,REVIEW,LOW,"UUID filename — no timestamp, cannot safely cluster without human inspection"
SRC_002736,data2/data/real_currency/100/bac3869f-b937-483d-80d4-69902bd6d4b7.jpg,100,REVIEW,REVIEW,LOW,"UUID filename — no timestamp, cannot safely cluster without human inspection"
SRC_002737,data2/data/real_currency/100/bb6bbfee-37d2-4323-b11b-b73961379278.jpg,100,REVIEW,REVIEW,LOW,"UUID filename — no timestamp, cannot safely cluster without human inspection"
SRC_002738,data2/data/real_currency/100/bdb21a73-6928-4e39-b331-5b9a66281a73.jpg,100,REVIEW,REVIEW,LOW,"UUID filename — no timestamp, cannot safely cluster without human inspection"
SRC_002739,data2/data/real_currency/100/d746a21b-8520-4fe9-b1f5-4e42a8e11da5.jpg,100,REVIEW,REVIEW,LOW,"UUID filename — no timestamp, cannot safely cluster without human inspection"
SRC_002740,data2/data/real_currency/100/db06ec1e-f3a8-4500-b1eb-5bf71eaff802.jpg,100,REVIEW,REVIEW,LOW,"UUID filename — no timestamp, cannot safely cluster without human inspection"
SRC_002741,data2/data/real_currency/100/dbd6e598-1ba0-419c-8fca-b87d4a5c962e.jpg,100,REVIEW,REVIEW,LOW,"UUID filename — no timestamp, cannot safely cluster without human inspection"
SRC_002742,data2/data/real_currency/100/dc8aa868-c8b7-4ddc-ab33-3391f509d193.jpg,100,REVIEW,REVIEW,LOW,"UUID filename — no timestamp, cannot safely cluster without human inspection"
SRC_002743,data2/data/real_currency/100/def2bad7-7be0-45ec-91ec-dcded2e098be.jpg,100,REVIEW,REVIEW,LOW,"UUID filename — no timestamp, cannot safely cluster without human inspection"
SRC_002744,data2/data/real_currency/100/dfd4dcfc-2a08-4e2c-bf6f-df7e1d002344.jpg,100,REVIEW,REVIEW,LOW,"UUID filename — no timestamp, cannot safely cluster without human inspection"
SRC_002745,data2/data/real_currency/100/e7dc4292-a95d-4354-8530-cc1dc42e5e43.jpg,100,REVIEW,REVIEW,LOW,"UUID filename — no timestamp, cannot safely cluster without human inspection"
SRC_002746,data2/data/real_currency/100/ec0d69da-b398-4731-bc5d-ef558ee2727c.jpg,100,REVIEW,REVIEW,LOW,"UUID filename — no timestamp, cannot safely cluster without human inspection"
SRC_002747,data2/data/real_currency/100/ed1a7271-0e17-4e47-8b1e-b31372e78c03.jpg,100,REVIEW,REVIEW,LOW,"UUID filename — no timestamp, cannot safely cluster without human inspection"
SRC_002748,data2/data/real_currency/100/f42a01b9-c964-4dc1-b261-8db6381da61e.jpg,100,REVIEW,REVIEW,LOW,"UUID filename — no timestamp, cannot safely cluster without human inspection"
SRC_002749,data2/data/real_currency/100/f617edd5-502c-4520-9cd2-d52dd41c22d2.jpg,100,REVIEW,REVIEW,LOW,"UUID filename — no timestamp, cannot safely cluster without human inspection"
SRC_002750,data2/data/real_currency/100/ff5cd93f-9c46-4beb-b8cb-423a043734d1.jpg,100,REVIEW,REVIEW,LOW,"UUID filename — no timestamp, cannot safely cluster without human inspection"
SRC_002751,data2/data/real_currency/100/IMG20260911084355.jpg,100,REVIEW,IMG_100_C01,MEDIUM,"IMG cluster IMG_100_C01, span 76s — verify"
SRC_002752,data2/data/real_currency/100/IMG20260911084401.jpg,100,REVIEW,IMG_100_C01,MEDIUM,"IMG cluster IMG_100_C01, span 76s — verify"
SRC_002753,data2/data/real_currency/100/IMG20260911084406.jpg,100,REVIEW,IMG_100_C01,MEDIUM,"IMG cluster IMG_100_C01, span 76s — verify"
SRC_002754,data2/data/real_currency/100/IMG20260911084417.jpg,100,REVIEW,IMG_100_C01,MEDIUM,"IMG cluster IMG_100_C01, span 76s — verify"
SRC_002755,data2/data/real_currency/100/IMG20260911084422.jpg,100,REVIEW,IMG_100_C01,MEDIUM,"IMG cluster IMG_100_C01, span 76s — verify"
SRC_002756,data2/data/real_currency/100/IMG20260911084426.jpg,100,REVIEW,IMG_100_C01,MEDIUM,"IMG cluster IMG_100_C01, span 76s — verify"
SRC_002757,data2/data/real_currency/100/IMG20260911084430.jpg,100,REVIEW,IMG_100_C01,MEDIUM,"IMG cluster IMG_100_C01, span 76s — verify"
SRC_002758,data2/data/real_currency/100/IMG20260911084437.jpg,100,REVIEW,IMG_100_C01,MEDIUM,"IMG cluster IMG_100_C01, span 76s — verify"
SRC_002759,data2/data/real_currency/100/IMG20260911084444.jpg,100,REVIEW,IMG_100_C01,MEDIUM,"IMG cluster IMG_100_C01, span 76s — verify"
SRC_002760,data2/data/real_currency/100/IMG20260911084453.jpg,100,REVIEW,IMG_100_C01,MEDIUM,"IMG cluster IMG_100_C01, span 76s — verify"
SRC_002761,data2/data/real_currency/100/IMG20260911084500.jpg,100,REVIEW,IMG_100_C01,MEDIUM,"IMG cluster IMG_100_C01, span 76s — verify"
SRC_002762,data2/data/real_currency/100/IMG20260911084508.jpg,100,REVIEW,IMG_100_C01,MEDIUM,"IMG cluster IMG_100_C01, span 76s — verify"
SRC_002763,data2/data/real_currency/100/IMG20260911084511.jpg,100,REVIEW,IMG_100_C01,MEDIUM,"IMG cluster IMG_100_C01, span 76s — verify"
SRC_002764,data2/data/real_currency/100/IMG20260911090044.jpg,100,REVIEW,IMG_100_C02,MEDIUM,"IMG cluster IMG_100_C02, span 67s — verify"
SRC_002765,data2/data/real_currency/100/IMG20260911090047.jpg,100,REVIEW,IMG_100_C02,MEDIUM,"IMG cluster IMG_100_C02, span 67s — verify"
SRC_002766,data2/data/real_currency/100/IMG20260911090050.jpg,100,REVIEW,IMG_100_C02,MEDIUM,"IMG cluster IMG_100_C02, span 67s — verify"
SRC_002767,data2/data/real_currency/100/IMG20260911090055.jpg,100,REVIEW,IMG_100_C02,MEDIUM,"IMG cluster IMG_100_C02, span 67s — verify"
SRC_002768,data2/data/real_currency/100/IMG20260911090102.jpg,100,REVIEW,IMG_100_C02,MEDIUM,"IMG cluster IMG_100_C02, span 67s — verify"
SRC_002769,data2/data/real_currency/100/IMG20260911090108.jpg,100,REVIEW,IMG_100_C02,MEDIUM,"IMG cluster IMG_100_C02, span 67s — verify"
SRC_002770,data2/data/real_currency/100/IMG20260911090117.jpg,100,REVIEW,IMG_100_C02,MEDIUM,"IMG cluster IMG_100_C02, span 67s — verify"
SRC_002771,data2/data/real_currency/100/IMG20260911090121.jpg,100,REVIEW,IMG_100_C02,MEDIUM,"IMG cluster IMG_100_C02, span 67s — verify"
SRC_002772,data2/data/real_currency/100/IMG20260911090124.jpg,100,REVIEW,IMG_100_C02,MEDIUM,"IMG cluster IMG_100_C02, span 67s — verify"
SRC_002773,data2/data/real_currency/100/IMG20260911090135.jpg,100,REVIEW,IMG_100_C02,MEDIUM,"IMG cluster IMG_100_C02, span 67s — verify"
SRC_002774,data2/data/real_currency/100/IMG20260911090139.jpg,100,REVIEW,IMG_100_C02,MEDIUM,"IMG cluster IMG_100_C02, span 67s — verify"
SRC_002775,data2/data/real_currency/100/IMG20260911090143.jpg,100,REVIEW,IMG_100_C02,MEDIUM,"IMG cluster IMG_100_C02, span 67s — verify"
SRC_002776,data2/data/real_currency/100/IMG20260911090151.jpg,100,REVIEW,IMG_100_C02,MEDIUM,"IMG cluster IMG_100_C02, span 67s — verify"
SRC_002777,data2/data/real_currency/100/IMG20260911110432.jpg,100,REVIEW,IMG_100_C03,HIGH,"IMG burst same session (2026-09-11 11:04:32), span <60 s"
SRC_002778,data2/data/real_currency/100/IMG20260911110435.jpg,100,REVIEW,IMG_100_C03,HIGH,"IMG burst same session (2026-09-11 11:04:35), span <60 s"
SRC_002779,data2/data/real_currency/100/IMG20260911110438.jpg,100,REVIEW,IMG_100_C03,HIGH,"IMG burst same session (2026-09-11 11:04:38), span <60 s"
SRC_002780,data2/data/real_currency/100/IMG20260911110443.jpg,100,REVIEW,IMG_100_C03,HIGH,"IMG burst same session (2026-09-11 11:04:43), span <60 s"
SRC_002781,data2/data/real_currency/100/IMG20260911110446.jpg,100,REVIEW,IMG_100_C03,HIGH,"IMG burst same session (2026-09-11 11:04:46), span <60 s"
SRC_002782,data2/data/real_currency/100/IMG20260911110451.jpg,100,REVIEW,IMG_100_C03,HIGH,"IMG burst same session (2026-09-11 11:04:51), span <60 s"
SRC_002783,data2/data/real_currency/100/IMG20260911110459.jpg,100,REVIEW,IMG_100_C03,HIGH,"IMG burst same session (2026-09-11 11:04:59), span <60 s"
SRC_002784,data2/data/real_currency/100/WhatsApp Image 2026-09-09 at 20.55.55 - Copy.jpeg,100,REVIEW,WA_100_C01,HIGH,"WhatsApp burst same day (2026-09-09), gap <5 min"
SRC_002785,data2/data/real_currency/100/WhatsApp Image 2026-09-09 at 20.55.55.jpeg,100,REVIEW,WA_100_C01,HIGH,"WhatsApp burst same day (2026-09-09), gap <5 min"
SRC_002786,data2/data/real_currency/100/WhatsApp Image 2026-09-09 at 20.55.56 - Copy.jpeg,100,REVIEW,WA_100_C01,HIGH,"WhatsApp burst same day (2026-09-09), gap <5 min"
SRC_002787,data2/data/real_currency/100/WhatsApp Image 2026-09-09 at 20.55.56.jpeg,100,REVIEW,WA_100_C01,HIGH,"WhatsApp burst same day (2026-09-09), gap <5 min"
SRC_002788,data2/data/real_currency/100/WhatsApp Image 2026-09-09 at 20.55.57 (1) - Copy.jpeg,100,REVIEW,WA_100_C01,HIGH,"WhatsApp burst same day (2026-09-09), gap <5 min"
SRC_002789,data2/data/real_currency/100/WhatsApp Image 2026-09-09 at 20.55.57 (1).jpeg,100,REVIEW,WA_100_C01,HIGH,"WhatsApp burst same day (2026-09-09), gap <5 min"
SRC_002790,data2/data/real_currency/100/WhatsApp Image 2026-09-09 at 20.55.57 (2) - Copy.jpeg,100,REVIEW,WA_100_C01,HIGH,"WhatsApp burst same day (2026-09-09), gap <5 min"
SRC_002791,data2/data/real_currency/100/WhatsApp Image 2026-09-09 at 20.55.57 (2).jpeg,100,REVIEW,WA_100_C01,HIGH,"WhatsApp burst same day (2026-09-09), gap <5 min"
SRC_002792,data2/data/real_currency/100/WhatsApp Image 2026-09-09 at 20.55.57 - Copy.jpeg,100,REVIEW,WA_100_C01,HIGH,"WhatsApp burst same day (2026-09-09), gap <5 min"
SRC_002793,data2/data/real_currency/100/WhatsApp Image 2026-09-09 at 20.55.57.jpeg,100,REVIEW,WA_100_C01,HIGH,"WhatsApp burst same day (2026-09-09), gap <5 min"
SRC_002794,data2/data/real_currency/100/WhatsApp Image 2026-09-09 at 20.55.58 (1) - Copy.jpeg,100,REVIEW,WA_100_C01,HIGH,"WhatsApp burst same day (2026-09-09), gap <5 min"
SRC_002795,data2/data/real_currency/100/WhatsApp Image 2026-09-09 at 20.55.58 (1).jpeg,100,REVIEW,WA_100_C01,HIGH,"WhatsApp burst same day (2026-09-09), gap <5 min"
SRC_002796,data2/data/real_currency/100/WhatsApp Image 2026-09-09 at 20.55.58 - Copy.jpeg,100,REVIEW,WA_100_C01,HIGH,"WhatsApp burst same day (2026-09-09), gap <5 min"
SRC_002797,data2/data/real_currency/100/WhatsApp Image 2026-09-09 at 20.55.58.jpeg,100,REVIEW,WA_100_C01,HIGH,"WhatsApp burst same day (2026-09-09), gap <5 min"
SRC_002798,data2/data/real_currency/100/WhatsApp Image 2026-09-09 at 20.55.59 - Copy.jpeg,100,REVIEW,WA_100_C01,HIGH,"WhatsApp burst same day (2026-09-09), gap <5 min"
SRC_002799,data2/data/real_currency/100/WhatsApp Image 2026-09-09 at 20.55.59.jpeg,100,REVIEW,WA_100_C01,HIGH,"WhatsApp burst same day (2026-09-09), gap <5 min"
SRC_002800,data2/data/real_currency/100/WhatsApp Image 2026-09-09 at 20.56.20 - Copy.jpeg,100,REVIEW,WA_100_C01,HIGH,"WhatsApp burst same day (2026-09-09), gap <5 min"
SRC_002801,data2/data/real_currency/100/WhatsApp Image 2026-09-09 at 20.56.20.jpeg,100,REVIEW,WA_100_C01,HIGH,"WhatsApp burst same day (2026-09-09), gap <5 min"
SRC_002802,data2/data/real_currency/100/WhatsApp Image 2026-09-09 at 20.56.21 - Copy.jpeg,100,REVIEW,WA_100_C01,HIGH,"WhatsApp burst same day (2026-09-09), gap <5 min"
SRC_002803,data2/data/real_currency/100/WhatsApp Image 2026-09-09 at 20.56.21.jpeg,100,REVIEW,WA_100_C01,HIGH,"WhatsApp burst same day (2026-09-09), gap <5 min"
SRC_002804,data2/data/real_currency/100/WhatsApp Image 2026-09-09 at 20.56.22 - Copy.jpeg,100,REVIEW,WA_100_C01,HIGH,"WhatsApp burst same day (2026-09-09), gap <5 min"
SRC_002805,data2/data/real_currency/100/WhatsApp Image 2026-09-09 at 20.56.22.jpeg,100,REVIEW,WA_100_C01,HIGH,"WhatsApp burst same day (2026-09-09), gap <5 min"
SRC_002806,data2/data/real_currency/100/WhatsApp Image 2026-09-09 at 20.56.23 (1) - Copy.jpeg,100,REVIEW,WA_100_C01,HIGH,"WhatsApp burst same day (2026-09-09), gap <5 min"
SRC_002807,data2/data/real_currency/100/WhatsApp Image 2026-09-09 at 20.56.23 (1).jpeg,100,REVIEW,WA_100_C01,HIGH,"WhatsApp burst same day (2026-09-09), gap <5 min"
SRC_002808,data2/data/real_currency/100/WhatsApp Image 2026-09-09 at 20.56.23 - Copy.jpeg,100,REVIEW,WA_100_C01,HIGH,"WhatsApp burst same day (2026-09-09), gap <5 min"
SRC_002809,data2/data/real_currency/100/WhatsApp Image 2026-09-09 at 20.56.23.jpeg,100,REVIEW,WA_100_C01,HIGH,"WhatsApp burst same day (2026-09-09), gap <5 min"
SRC_002810,data2/data/real_currency/100/WhatsApp Image 2026-09-09 at 20.56.24 (1) - Copy.jpeg,100,REVIEW,WA_100_C01,HIGH,"WhatsApp burst same day (2026-09-09), gap <5 min"
SRC_002811,data2/data/real_currency/100/WhatsApp Image 2026-09-09 at 20.56.24 (1).jpeg,100,REVIEW,WA_100_C01,HIGH,"WhatsApp burst same day (2026-09-09), gap <5 min"
SRC_002812,data2/data/real_currency/100/WhatsApp Image 2026-09-09 at 20.56.24 (2) - Copy.jpeg,100,REVIEW,WA_100_C01,HIGH,"WhatsApp burst same day (2026-09-09), gap <5 min"
SRC_002813,data2/data/real_currency/100/WhatsApp Image 2026-09-09 at 20.56.24 (2).jpeg,100,REVIEW,WA_100_C01,HIGH,"WhatsApp burst same day (2026-09-09), gap <5 min"
SRC_002814,data2/data/real_currency/200/06ffb36f-1065-481c-8c97-7e353cbcebde.jpg,200,REVIEW,REVIEW,LOW,"UUID filename — no timestamp, cannot safely cluster without human inspection"
SRC_002815,data2/data/real_currency/200/2238127f-1181-4c07-953e-204afb5ed6ff.jpg,200,REVIEW,REVIEW,LOW,"UUID filename — no timestamp, cannot safely cluster without human inspection"
SRC_002816,data2/data/real_currency/200/30b46641-9af4-4334-9089-df772d8d7c22.jpg,200,REVIEW,REVIEW,LOW,"UUID filename — no timestamp, cannot safely cluster without human inspection"
SRC_002817,data2/data/real_currency/200/38f8b805-34ed-4f45-ba2d-c409ee6b3aad.jpg,200,REVIEW,REVIEW,LOW,"UUID filename — no timestamp, cannot safely cluster without human inspection"
SRC_002818,data2/data/real_currency/200/3c71ddd0-b99e-4937-94ab-c9f640ff3bc9.jpg,200,REVIEW,REVIEW,LOW,"UUID filename — no timestamp, cannot safely cluster without human inspection"
SRC_002819,data2/data/real_currency/200/4f87072d-9350-4baa-b996-fbfab3e5f1ae.jpg,200,REVIEW,REVIEW,LOW,"UUID filename — no timestamp, cannot safely cluster without human inspection"
SRC_002820,data2/data/real_currency/200/55241d16-0f15-454b-a8ed-3e7d572ed4f2.jpg,200,REVIEW,REVIEW,LOW,"UUID filename — no timestamp, cannot safely cluster without human inspection"
SRC_002821,data2/data/real_currency/200/5722ae2c-243c-4fac-bd2f-2436f4030f51.jpg,200,REVIEW,REVIEW,LOW,"UUID filename — no timestamp, cannot safely cluster without human inspection"
SRC_002822,data2/data/real_currency/200/5e5c3748-66a8-4ca5-a010-d0bad42cc600.jpg,200,REVIEW,REVIEW,LOW,"UUID filename — no timestamp, cannot safely cluster without human inspection"
SRC_002823,data2/data/real_currency/200/617e06a1-e4f3-43e4-b32f-64ea5812bb15.jpg,200,REVIEW,REVIEW,LOW,"UUID filename — no timestamp, cannot safely cluster without human inspection"
SRC_002824,data2/data/real_currency/200/66ec4ebb-9491-4e41-84be-ff183cf6e666.jpg,200,REVIEW,REVIEW,LOW,"UUID filename — no timestamp, cannot safely cluster without human inspection"
SRC_002825,data2/data/real_currency/200/7418c8e8-d006-4242-ab9e-52333cfb03a5.jpg,200,REVIEW,REVIEW,LOW,"UUID filename — no timestamp, cannot safely cluster without human inspection"
SRC_002826,data2/data/real_currency/200/828a3b2b-3049-4450-8ce6-82a74ee12b7b.jpg,200,REVIEW,REVIEW,LOW,"UUID filename — no timestamp, cannot safely cluster without human inspection"
SRC_002827,data2/data/real_currency/200/8b73e351-7d06-4c8c-bc7f-affe49b392c6.jpg,200,REVIEW,REVIEW,LOW,"UUID filename — no timestamp, cannot safely cluster without human inspection"
SRC_002828,data2/data/real_currency/200/9de8ba38-432f-430d-b789-a7a2e0ca72f3.jpg,200,REVIEW,REVIEW,LOW,"UUID filename — no timestamp, cannot safely cluster without human inspection"
SRC_002829,data2/data/real_currency/200/a4e77115-800c-4164-8390-e4a6f1a321e5.jpg,200,REVIEW,REVIEW,LOW,"UUID filename — no timestamp, cannot safely cluster without human inspection"
SRC_002830,data2/data/real_currency/200/accc669c-840e-461f-a3d4-6b21fd32f4f5.jpg,200,REVIEW,REVIEW,LOW,"UUID filename — no timestamp, cannot safely cluster without human inspection"
SRC_002831,data2/data/real_currency/200/b57be2f8-2620-43a0-899c-76eb2cfe2214.jpg,200,REVIEW,REVIEW,LOW,"UUID filename — no timestamp, cannot safely cluster without human inspection"
SRC_002832,data2/data/real_currency/200/b5ee7e4a-03c7-428f-b7fc-7d73cbcfebd2.jpg,200,REVIEW,REVIEW,LOW,"UUID filename — no timestamp, cannot safely cluster without human inspection"
SRC_002833,data2/data/real_currency/200/c110d9ad-d968-4bc7-afad-e562dafdea60.jpg,200,REVIEW,REVIEW,LOW,"UUID filename — no timestamp, cannot safely cluster without human inspection"
SRC_002834,data2/data/real_currency/200/c1643e74-ac48-4f70-8aca-ebce05853386.jpg,200,REVIEW,REVIEW,LOW,"UUID filename — no timestamp, cannot safely cluster without human inspection"
SRC_002835,data2/data/real_currency/200/d174fb8b-b499-4831-bd9e-2f73adde383c.jpg,200,REVIEW,REVIEW,LOW,"UUID filename — no timestamp, cannot safely cluster without human inspection"
SRC_002836,data2/data/real_currency/200/e5ce9d08-c6ea-4763-9443-940f4f4b45e1.jpg,200,REVIEW,REVIEW,LOW,"UUID filename — no timestamp, cannot safely cluster without human inspection"
SRC_002837,data2/data/real_currency/200/fa6a1478-4e2f-4f90-97b0-671237339e9a.jpg,200,REVIEW,REVIEW,LOW,"UUID filename — no timestamp, cannot safely cluster without human inspection"
SRC_002838,data2/data/real_currency/200/WhatsApp Image 2026-09-10 at 18.48.51 (1).jpeg,200,REVIEW,WA_200_C01,HIGH,"WhatsApp burst same day (2026-09-10), gap <5 min"
SRC_002839,data2/data/real_currency/200/WhatsApp Image 2026-09-10 at 18.48.51.jpeg,200,REVIEW,WA_200_C01,HIGH,"WhatsApp burst same day (2026-09-10), gap <5 min"
SRC_002840,data2/data/real_currency/200/WhatsApp Image 2026-09-10 at 18.48.52 (1).jpeg,200,REVIEW,WA_200_C01,HIGH,"WhatsApp burst same day (2026-09-10), gap <5 min"
SRC_002841,data2/data/real_currency/200/WhatsApp Image 2026-09-10 at 18.48.52.jpeg,200,REVIEW,WA_200_C01,HIGH,"WhatsApp burst same day (2026-09-10), gap <5 min"
SRC_002842,data2/data/real_currency/200/WhatsApp Image 2026-09-10 at 18.48.53.jpeg,200,REVIEW,WA_200_C01,HIGH,"WhatsApp burst same day (2026-09-10), gap <5 min"
SRC_002843,data2/data/real_currency/500/0aea4b20-0b26-4ca6-9b61-0a615773e0e9.jpg,500,REVIEW,REVIEW,LOW,"UUID filename — no timestamp, cannot safely cluster without human inspection"
SRC_002844,data2/data/real_currency/500/1cf05260-14f1-4015-a652-e4866c406d2d.jpg,500,REVIEW,REVIEW,LOW,"UUID filename — no timestamp, cannot safely cluster without human inspection"
SRC_002845,data2/data/real_currency/500/2294db75-dd99-462a-8708-a42f145b5e13.jpg,500,REVIEW,REVIEW,LOW,"UUID filename — no timestamp, cannot safely cluster without human inspection"
SRC_002846,data2/data/real_currency/500/284a4da0-a103-4fea-bdff-5afb1fcc9bb3.jpg,500,REVIEW,REVIEW,LOW,"UUID filename — no timestamp, cannot safely cluster without human inspection"
SRC_002847,data2/data/real_currency/500/3d82a6b6-f356-4605-8c4d-d5bee9204163.jpg,500,REVIEW,REVIEW,LOW,"UUID filename — no timestamp, cannot safely cluster without human inspection"
SRC_002848,data2/data/real_currency/500/41a33b13-761b-4380-9604-9600f8737201.jpg,500,REVIEW,REVIEW,LOW,"UUID filename — no timestamp, cannot safely cluster without human inspection"
SRC_002849,data2/data/real_currency/500/5062c788-52e7-40c1-836e-a7cfc0967732.jpg,500,REVIEW,REVIEW,LOW,"UUID filename — no timestamp, cannot safely cluster without human inspection"
SRC_002850,data2/data/real_currency/500/557a6272-5246-4df7-b2fd-92db8037ad5a.jpg,500,REVIEW,REVIEW,LOW,"UUID filename — no timestamp, cannot safely cluster without human inspection"
SRC_002851,data2/data/real_currency/500/56b23c5c-c002-4a51-bb4c-5b7fdfd82802.jpg,500,REVIEW,REVIEW,LOW,"UUID filename — no timestamp, cannot safely cluster without human inspection"
SRC_002852,data2/data/real_currency/500/63420e33-e9e4-43b5-a0e8-4764f50da090.jpg,500,REVIEW,REVIEW,LOW,"UUID filename — no timestamp, cannot safely cluster without human inspection"
SRC_002853,data2/data/real_currency/500/6861e866-91ba-4d89-9b4f-74a8d7a9d3e2.jpg,500,REVIEW,REVIEW,LOW,"UUID filename — no timestamp, cannot safely cluster without human inspection"
SRC_002854,data2/data/real_currency/500/6d95c455-b239-428e-aa02-6e9c92e5a653.jpg,500,REVIEW,REVIEW,LOW,"UUID filename — no timestamp, cannot safely cluster without human inspection"
SRC_002855,data2/data/real_currency/500/71b2717e-2e19-42d9-a50a-ce0777c60e5a.jpg,500,REVIEW,REVIEW,LOW,"UUID filename — no timestamp, cannot safely cluster without human inspection"
SRC_002856,data2/data/real_currency/500/75f1549c-62e7-41e0-977f-da1ba5c12987.jpg,500,REVIEW,REVIEW,LOW,"UUID filename — no timestamp, cannot safely cluster without human inspection"
SRC_002857,data2/data/real_currency/500/7ddb4a2c-3ffa-495e-aa9e-86deda0f0065.jpg,500,REVIEW,REVIEW,LOW,"UUID filename — no timestamp, cannot safely cluster without human inspection"
SRC_002858,data2/data/real_currency/500/803913d8-ec7e-4c27-8f25-cab86a3ba5f2.jpg,500,REVIEW,REVIEW,LOW,"UUID filename — no timestamp, cannot safely cluster without human inspection"
SRC_002859,data2/data/real_currency/500/880da791-e167-442c-878e-3dd40cd1d623.jpg,500,REVIEW,REVIEW,LOW,"UUID filename — no timestamp, cannot safely cluster without human inspection"
SRC_002860,data2/data/real_currency/500/8c09febf-dda2-43e2-bb4c-188b119a143e.jpg,500,REVIEW,REVIEW,LOW,"UUID filename — no timestamp, cannot safely cluster without human inspection"
SRC_002861,data2/data/real_currency/500/8e792426-6f09-4e66-a193-c3301f4db4e0.jpg,500,REVIEW,REVIEW,LOW,"UUID filename — no timestamp, cannot safely cluster without human inspection"
SRC_002862,data2/data/real_currency/500/903408c1-5ddd-4ea6-bafb-c652f4b64da7.jpg,500,REVIEW,REVIEW,LOW,"UUID filename — no timestamp, cannot safely cluster without human inspection"
SRC_002863,data2/data/real_currency/500/911b0961-0d0f-4268-8887-feec25181aa8.jpg,500,REVIEW,REVIEW,LOW,"UUID filename — no timestamp, cannot safely cluster without human inspection"
SRC_002864,data2/data/real_currency/500/9772ff7c-33cd-4cb3-9ec7-132712f21faa.jpg,500,REVIEW,REVIEW,LOW,"UUID filename — no timestamp, cannot safely cluster without human inspection"
SRC_002865,data2/data/real_currency/500/9e075829-6de8-45bf-93f9-a9f78588968d.jpg,500,REVIEW,REVIEW,LOW,"UUID filename — no timestamp, cannot safely cluster without human inspection"
SRC_002866,data2/data/real_currency/500/a145885a-c6e5-47c1-8ea7-0c9f40b662ea.jpg,500,REVIEW,REVIEW,LOW,"UUID filename — no timestamp, cannot safely cluster without human inspection"
SRC_002867,data2/data/real_currency/500/a381f42f-c30a-4828-9f78-70173169269d.jpg,500,REVIEW,REVIEW,LOW,"UUID filename — no timestamp, cannot safely cluster without human inspection"
SRC_002868,data2/data/real_currency/500/a3a8f9a4-c9ec-4462-b9a8-62a42abcae87.jpg,500,REVIEW,REVIEW,LOW,"UUID filename — no timestamp, cannot safely cluster without human inspection"
SRC_002869,data2/data/real_currency/500/aba6f16a-dd0a-4db1-ada8-d987d3b8c628.jpg,500,REVIEW,REVIEW,LOW,"UUID filename — no timestamp, cannot safely cluster without human inspection"
SRC_002870,data2/data/real_currency/500/ac3cac82-bad9-4f46-a195-64a137200d6f.jpg,500,REVIEW,REVIEW,LOW,"UUID filename — no timestamp, cannot safely cluster without human inspection"
SRC_002871,data2/data/real_currency/500/ad488776-98ab-4d34-9649-bb3b7e754bda.jpg,500,REVIEW,REVIEW,LOW,"UUID filename — no timestamp, cannot safely cluster without human inspection"
SRC_002872,data2/data/real_currency/500/c770d248-dfc9-48fa-b29f-48607f6ef505.jpg,500,REVIEW,REVIEW,LOW,"UUID filename — no timestamp, cannot safely cluster without human inspection"
SRC_002873,data2/data/real_currency/500/c8c598de-008a-4500-ba6e-e057a6d8eb6c.jpg,500,REVIEW,REVIEW,LOW,"UUID filename — no timestamp, cannot safely cluster without human inspection"
SRC_002874,data2/data/real_currency/500/cd44e754-ff1a-425c-8483-9fd1e5d114d3.jpg,500,REVIEW,REVIEW,LOW,"UUID filename — no timestamp, cannot safely cluster without human inspection"
SRC_002875,data2/data/real_currency/500/d642b89f-263a-472d-a549-89ee0cd82c13.jpg,500,REVIEW,REVIEW,LOW,"UUID filename — no timestamp, cannot safely cluster without human inspection"
SRC_002876,data2/data/real_currency/500/d7f1e565-3ff7-4714-80a2-bb2dbb346dde.jpg,500,REVIEW,REVIEW,LOW,"UUID filename — no timestamp, cannot safely cluster without human inspection"
SRC_002877,data2/data/real_currency/500/dcb03aa1-aca3-4106-aed6-433d398b0efe.jpg,500,REVIEW,REVIEW,LOW,"UUID filename — no timestamp, cannot safely cluster without human inspection"
SRC_002878,data2/data/real_currency/500/dfe28a14-4cfd-47b8-a330-0e11c04c0e5c.jpg,500,REVIEW,REVIEW,LOW,"UUID filename — no timestamp, cannot safely cluster without human inspection"
SRC_002879,data2/data/real_currency/500/e794d154-f917-4d46-8509-512e51366411.jpg,500,REVIEW,REVIEW,LOW,"UUID filename — no timestamp, cannot safely cluster without human inspection"
SRC_002880,data2/data/real_currency/500/eff29a4a-9bd6-4599-944e-1435cdf9fe30.jpg,500,REVIEW,REVIEW,LOW,"UUID filename — no timestamp, cannot safely cluster without human inspection"
SRC_002881,data2/data/real_currency/500/f1725835-050b-40fb-a548-2b6eccd21c27.jpg,500,REVIEW,REVIEW,LOW,"UUID filename — no timestamp, cannot safely cluster without human inspection"
SRC_002882,data2/data/real_currency/500/faa99c97-8f47-47c7-ac77-cbfce7da73db.jpg,500,REVIEW,REVIEW,LOW,"UUID filename — no timestamp, cannot safely cluster without human inspection"
SRC_002883,data2/data/real_currency/500/WhatsApp Image 2026-09-09 at 19.32.31.jpeg,500,REVIEW,WA_500_C01,HIGH,"WhatsApp burst same day (2026-09-09), gap <5 min"
SRC_002884,data2/data/real_currency/500/WhatsApp Image 2026-09-09 at 19.32.32 (1).jpeg,500,REVIEW,WA_500_C01,HIGH,"WhatsApp burst same day (2026-09-09), gap <5 min"
SRC_002885,data2/data/real_currency/500/WhatsApp Image 2026-09-09 at 19.32.32.jpeg,500,REVIEW,WA_500_C01,HIGH,"WhatsApp burst same day (2026-09-09), gap <5 min"
SRC_002886,data2/data/real_currency/500/WhatsApp Image 2026-09-09 at 19.32.33.jpeg,500,REVIEW,WA_500_C01,HIGH,"WhatsApp burst same day (2026-09-09), gap <5 min"
