source_id,physical_note_id
SRC_002578,10_A
SRC_002579,REVIEW
SRC_002580,REVIEW
SRC_002581,REVIEW
SRC_002582,REVIEW
SRC_002583,REVIEW
SRC_002584,REVIEW
SRC_002585,CAND_10_003
SRC_002586,CAND_10_003
SRC_002587,CAND_10_003
SRC_002588,CAND_10_003
SRC_002589,CAND_10_003
SRC_002590,CAND_10_003
SRC_002591,CAND_10_003
SRC_002592,CAND_10_003
SRC_002593,CAND_10_003
SRC_002594,CAND_10_003
SRC_002595,CAND_10_004
SRC_002596,CAND_10_004
SRC_002597,CAND_10_004
SRC_002598,CAND_10_004
SRC_002599,CAND_10_004
SRC_002600,CAND_10_004
SRC_002601,CAND_10_004
SRC_002602,CAND_10_004
SRC_002603,CAND_10_004
SRC_002604,CAND_10_004
SRC_002605,CAND_10_004
SRC_002606,CAND_10_004
SRC_002607,CAND_10_004
SRC_002608,CAND_10_004
SRC_002609,CAND_10_004
SRC_002610,CAND_10_004
SRC_002611,CAND_10_004
SRC_002612,CAND_10_004
SRC_002613,CAND_10_004
SRC_002614,CAND_10_004
SRC_002615,CAND_10_004
SRC_002616,CAND_10_004
SRC_002617,CAND_10_004
SRC_002618,CAND_10_004
SRC_002619,CAND_10_004
SRC_002620,CAND_10_004
SRC_002621,CAND_10_004
SRC_002622,CAND_10_004
SRC_002623,REVIEW
SRC_002624,REVIEW
SRC_002625,REVIEW
SRC_002626,REVIEW
SRC_002627,REVIEW
SRC_002628,REVIEW
SRC_002629,REVIEW
SRC_002630,REVIEW
SRC_002631,REVIEW
SRC_002632,REVIEW
SRC_002633,REVIEW
SRC_002634,REVIEW
SRC_002635,REVIEW
SRC_000001,PN_10_0001
SRC_000002,PN_10_0001
SRC_000003,PN_10_0001
SRC_000004,PN_10_0001
SRC_000005,PN_10_0001
SRC_000006,PN_10_0001
SRC_000007,PN_10_0001
SRC_000008,PN_10_0001
SRC_000009,PN_10_0001
SRC_000010,PN_10_0001
SRC_000011,PN_10_0001
SRC_000012,PN_10_0001
SRC_000013,PN_10_0001
SRC_000014,PN_10_0001
SRC_000015,PN_10_0001
SRC_000016,PN_10_0001
SRC_000017,PN_10_0001
SRC_000018,PN_10_0001
SRC_000019,PN_10_0001
SRC_000020,PN_10_0001
SRC_000021,PN_10_0001
SRC_000022,PN_10_0001
SRC_000023,PN_10_0001
SRC_000024,PN_10_0001
SRC_000346,PN_10_0001
SRC_000347,PN_10_0001
SRC_000348,PN_10_0001
SRC_000025,PN_10_0001
SRC_000026,PN_10_0001
SRC_000027,PN_10_0001
SRC_000028,PN_10_0001
SRC_000029,PN_10_0001
SRC_000030,PN_10_0001
SRC_000031,PN_10_0001
SRC_000032,PN_10_0001
SRC_000033,PN_10_0001
SRC_000034,PN_10_0001
SRC_000035,PN_10_0001
SRC_000036,PN_10_0001
SRC_000037,PN_10_0001
SRC_000038,PN_10_0001
SRC_000039,PN_10_0001
SRC_000040,PN_10_0001
SRC_000041,PN_10_0002
SRC_000042,PN_10_0002
SRC_000043,PN_10_0002
SRC_000044,PN_10_0002
SRC_000045,PN_10_0002
SRC_000046,PN_10_0002
SRC_000047,PN_10_0002
SRC_000048,PN_10_0002
SRC_000049,PN_10_0002
SRC_000050,PN_10_0002
SRC_000051,PN_10_0002
SRC_000349,PN_10_0002
SRC_000350,PN_10_0002
SRC_000351,PN_10_0003
SRC_000352,PN_10_0003
SRC_000353,PN_10_0003
SRC_000354,PN_10_0003
SRC_000355,PN_10_0004
SRC_000356,PN_10_0004
SRC_000357,PN_10_0004
SRC_000358,PN_10_0004
SRC_000359,PN_10_0005
SRC_000360,PN_10_0005
SRC_000361,PN_10_0005
SRC_000362,PN_10_0005
SRC_000363,PN_10_0005
SRC_000364,PN_10_0005
SRC_000365,PN_10_0005
SRC_000366,PN_10_0005
SRC_000367,PN_10_0005
SRC_000368,PN_10_0005
SRC_000369,PN_10_0005
SRC_000370,PN_10_0005
SRC_000371,PN_10_0005
SRC_000372,PN_10_0005
SRC_000373,PN_10_0005
SRC_000374,PN_10_0006
SRC_000375,PN_10_0007
SRC_000376,PN_10_0007
SRC_000377,PN_10_0007
SRC_000378,PN_10_0008
SRC_000379,PN_10_0008
SRC_000380,PN_10_0008
SRC_000381,PN_10_0008
SRC_000382,PN_10_0008
SRC_000383,PN_10_0008
SRC_000384,PN_10_0008
SRC_000385,PN_10_0008
SRC_000386,PN_10_0008
SRC_000387,PN_10_0008
SRC_000388,PN_10_0008
SRC_000389,PN_10_0008
SRC_000390,PN_10_0008
SRC_000391,PN_10_0008
SRC_000392,PN_10_0008
SRC_000393,PN_10_0008
SRC_000394,PN_10_0008
SRC_000395,PN_10_0008
SRC_000396,PN_10_0008
SRC_000397,PN_10_0008
SRC_000398,PN_10_0008
SRC_000399,PN_10_0008
SRC_000400,PN_10_0008
SRC_000401,PN_10_0008
SRC_000402,PN_10_0008
SRC_000403,PN_10_0008
SRC_000404,PN_10_0008
SRC_000405,PN_10_0008
SRC_000406,PN_10_0008
SRC_000407,PN_10_0008
SRC_000408,PN_10_0008
SRC_000409,PN_10_0008
SRC_000410,PN_10_0008
SRC_000411,PN_10_0008
SRC_000412,PN_10_0008
SRC_000413,PN_10_0008
SRC_000052,PN_10_0008
SRC_000053,PN_10_0008
SRC_000054,PN_10_0008
SRC_000055,PN_10_0009
SRC_000056,PN_10_0009
SRC_000057,PN_10_0009
SRC_000058,PN_10_0009
SRC_000059,PN_10_0009
SRC_000060,PN_10_0009
SRC_000061,PN_10_0009
SRC_000062,PN_10_0009
SRC_000063,PN_10_0009
SRC_000064,PN_10_0009
SRC_000065,PN_10_0009
SRC_000066,PN_10_0009
SRC_000067,PN_10_0009
SRC_000068,PN_10_0009
SRC_000069,PN_10_0009
SRC_000070,PN_10_0009
SRC_000071,PN_10_0009
SRC_000072,PN_10_0009
SRC_000073,PN_10_0009
SRC_000074,PN_10_0009
SRC_000075,PN_10_0009
SRC_000076,PN_10_0009
SRC_000077,PN_10_0009
SRC_000078,PN_10_0009
SRC_000079,PN_10_0009
SRC_000080,PN_10_0009
SRC_000081,PN_10_0009
SRC_000082,PN_10_0009
SRC_000083,PN_10_0009
SRC_000084,PN_10_0009
SRC_000085,PN_10_0009
SRC_000086,PN_10_0009
SRC_000087,PN_10_0010
SRC_000088,PN_10_0010
SRC_000089,PN_10_0010
SRC_000090,PN_10_0010
SRC_000091,PN_10_0010
SRC_000092,PN_10_0010
SRC_000093,PN_10_0010
SRC_000094,PN_10_0010
SRC_000095,PN_10_0010
SRC_000096,PN_10_0010
SRC_000097,PN_10_0010
SRC_000098,PN_10_0010
SRC_000099,PN_10_0010
SRC_000100,PN_10_0010
SRC_000101,PN_10_0010
SRC_000102,PN_10_0010
SRC_000103,PN_10_0010
SRC_000104,PN_10_0010
SRC_000105,PN_10_0010
SRC_000106,PN_10_0010
SRC_000107,PN_10_0010
SRC_000108,PN_10_0010
SRC_000109,PN_10_0010
SRC_000110,PN_10_0010
SRC_000111,PN_10_0010
SRC_000112,PN_10_0010
SRC_000113,PN_10_0010
SRC_000114,PN_10_0010
SRC_000115,PN_10_0010
SRC_000116,PN_10_0010
SRC_000117,PN_10_0010
SRC_000118,PN_10_0010
SRC_000119,PN_10_0010
SRC_000120,PN_10_0010
SRC_000121,PN_10_0010
SRC_000122,PN_10_0010
SRC_000123,PN_10_0010
SRC_000414,PN_10_0010
SRC_000415,PN_10_0010
SRC_000416,PN_10_0010
SRC_000417,PN_10_0010
SRC_000418,PN_10_0010
SRC_000419,PN_10_0010
SRC_000420,PN_10_0010
SRC_000421,PN_10_0010
SRC_000422,PN_10_0010
SRC_000423,PN_10_0010
SRC_000424,PN_10_0010
SRC_000425,PN_10_0010
SRC_000426,PN_10_0010
SRC_000427,PN_10_0010
SRC_000428,PN_10_0010
SRC_000429,PN_10_0010
SRC_000430,PN_10_0010
SRC_000431,PN_10_0010
SRC_000432,PN_10_0010
SRC_000433,PN_10_0010
SRC_000434,PN_10_0010
SRC_000435,PN_10_0010
SRC_000436,PN_10_0010
SRC_000437,PN_10_0010
SRC_000438,PN_10_0010
SRC_000439,PN_10_0010
SRC_000440,PN_10_0010
SRC_000441,PN_10_0010
SRC_000442,PN_10_0010
SRC_000443,PN_10_0010
SRC_000444,PN_10_0010
SRC_000445,PN_10_0010
SRC_000446,PN_10_0010
SRC_000447,PN_10_0010
SRC_000448,PN_10_0010
SRC_000449,PN_10_0010
SRC_000450,PN_10_0010
SRC_000451,PN_10_0010
SRC_000452,PN_10_0010
SRC_000453,PN_10_0010
SRC_000454,PN_10_0010
SRC_000455,PN_10_0010
SRC_000456,PN_10_0010
SRC_000457,PN_10_0010
SRC_000458,PN_10_0010
SRC_000459,PN_10_0010
SRC_000460,PN_10_0010
SRC_000461,PN_10_0010
SRC_000462,PN_10_0010
SRC_000463,PN_10_0010
SRC_000464,PN_10_0010
SRC_000465,PN_10_0010
SRC_000466,PN_10_0010
SRC_000467,PN_10_0010
SRC_000468,PN_10_0010
SRC_000469,PN_10_0010
SRC_000470,PN_10_0010
SRC_000471,PN_10_0010
SRC_000472,PN_10_0010
SRC_000473,PN_10_0010
SRC_000124,PN_10_0011
SRC_000125,PN_10_0011
SRC_000126,PN_10_0011
SRC_000127,PN_10_0011
SRC_000128,PN_10_0012
SRC_000129,PN_10_0012
SRC_000130,PN_10_0012
SRC_000131,PN_10_0012
SRC_000132,PN_10_0012
SRC_000133,PN_10_0012
SRC_000134,PN_10_0012
SRC_000135,PN_10_0012
SRC_000136,PN_10_0012
SRC_000137,PN_10_0012
SRC_000138,PN_10_0012
SRC_000139,PN_10_0012
SRC_000140,PN_10_0012
SRC_000141,PN_10_0012
SRC_000142,PN_10_0012
SRC_000143,PN_10_0013
SRC_000144,PN_10_0013
SRC_000145,PN_10_0013
SRC_000146,PN_10_0013
SRC_000147,PN_10_0014
SRC_000148,PN_10_0014
SRC_000149,PN_10_0014
SRC_000150,PN_10_0014
SRC_000151,PN_10_0014
SRC_000152,PN_10_0014
SRC_000153,PN_10_0014
SRC_000154,PN_10_0014
SRC_000155,PN_10_0014
SRC_000156,PN_10_0015
SRC_000157,PN_10_0015
SRC_000158,PN_10_0015
SRC_000159,PN_10_0015
SRC_000160,PN_10_0015
SRC_000161,PN_10_0015
SRC_000162,PN_10_0015
SRC_000163,PN_10_0015
SRC_000164,PN_10_0015
SRC_000165,PN_10_0015
SRC_000166,PN_10_0015
SRC_000167,PN_10_0015
SRC_000168,PN_10_0016
SRC_000169,PN_10_0016
SRC_000170,PN_10_0016
SRC_000171,PN_10_0016
SRC_000172,PN_10_0016
SRC_000173,PN_10_0016
SRC_000174,PN_10_0016
SRC_000175,PN_10_0016
SRC_000176,PN_10_0016
SRC_000177,PN_10_0016
SRC_000178,PN_10_0016
SRC_000179,PN_10_0016
SRC_000180,PN_10_0016
SRC_000181,PN_10_0016
SRC_000182,PN_10_0016
SRC_000183,PN_10_0016
SRC_000184,PN_10_0016
SRC_000185,PN_10_0016
SRC_000186,PN_10_0016
SRC_000474,PN_10_0016
SRC_000475,PN_10_0016
SRC_000476,PN_10_0016
SRC_000477,PN_10_0016
SRC_000478,PN_10_0016
SRC_000479,PN_10_0016
SRC_000480,PN_10_0016
SRC_000481,PN_10_0016
SRC_000482,PN_10_0016
SRC_000483,PN_10_0016
SRC_000484,PN_10_0016
SRC_000485,PN_10_0016
SRC_000486,PN_10_0016
SRC_000487,PN_10_0016
SRC_000488,PN_10_0016
SRC_000489,PN_10_0016
SRC_000490,PN_10_0016
SRC_000491,PN_10_0016
SRC_000492,PN_10_0016
SRC_000493,PN_10_0016
SRC_000494,PN_10_0016
SRC_000495,PN_10_0016
SRC_000496,PN_10_0016
SRC_000497,PN_10_0016
SRC_000187,PN_10_0016
SRC_000188,PN_10_0016
SRC_000189,PN_10_0016
SRC_000190,PN_10_0016
SRC_000191,PN_10_0016
SRC_000192,PN_10_0016
SRC_000193,PN_10_0016
SRC_000194,PN_10_0016
SRC_000195,PN_10_0016
SRC_000196,PN_10_0016
SRC_000197,PN_10_0016
SRC_000198,PN_10_0016
SRC_000199,PN_10_0016
SRC_000200,PN_10_0016
SRC_000201,PN_10_0016
SRC_000202,PN_10_0016
SRC_000203,PN_10_0016
SRC_000204,PN_10_0016
SRC_000205,PN_10_0016
SRC_000206,PN_10_0016
SRC_000207,PN_10_0016
SRC_000208,PN_10_0016
SRC_000209,PN_10_0016
SRC_000210,PN_10_0016
SRC_000211,PN_10_0016
SRC_000212,PN_10_0016
SRC_000213,PN_10_0016
SRC_000214,PN_10_0016
SRC_000215,PN_10_0016
SRC_000216,PN_10_0016
SRC_000217,PN_10_0016
SRC_000218,PN_10_0016
SRC_000219,PN_10_0016
SRC_000220,PN_10_0016
SRC_000221,PN_10_0016
SRC_000222,PN_10_0016
SRC_000223,PN_10_0016
SRC_000224,PN_10_0016
SRC_000225,PN_10_0016
SRC_000226,PN_10_0016
SRC_000227,PN_10_0016
SRC_000228,PN_10_0016
SRC_000229,PN_10_0016
SRC_000230,PN_10_0016
SRC_000231,PN_10_0016
SRC_000232,PN_10_0016
SRC_000233,PN_10_0016
SRC_000234,PN_10_0016
SRC_000235,PN_10_0016
SRC_000236,PN_10_0016
SRC_000237,PN_10_0016
SRC_000238,PN_10_0016
SRC_000239,PN_10_0016
SRC_000240,PN_10_0016
SRC_000241,PN_10_0016
SRC_000242,PN_10_0016
SRC_000243,PN_10_0016
SRC_000244,PN_10_0016
SRC_000245,PN_10_0016
SRC_000246,PN_10_0016
SRC_000247,PN_10_0016
SRC_000248,PN_10_0016
SRC_000249,PN_10_0016
SRC_000250,PN_10_0016
SRC_000251,PN_10_0016
SRC_000252,PN_10_0016
SRC_000253,PN_10_0016
SRC_000254,PN_10_0016
SRC_000255,PN_10_0016
SRC_000256,PN_10_0016
SRC_000257,PN_10_0016
SRC_000258,PN_10_0016
SRC_000259,PN_10_0016
SRC_000260,PN_10_0016
SRC_000261,PN_10_0016
SRC_000498,PN_10_0017
SRC_000499,PN_10_0017
SRC_000500,PN_10_0017
SRC_000501,PN_10_0017
SRC_000502,PN_10_0017
SRC_000503,PN_10_0017
SRC_000504,PN_10_0017
SRC_000505,PN_10_0017
SRC_000506,PN_10_0017
SRC_000507,PN_10_0017
SRC_000508,PN_10_0017
SRC_000509,PN_10_0017
SRC_000510,PN_10_0017
SRC_000511,PN_10_0017
SRC_000512,PN_10_0017
SRC_000513,PN_10_0017
SRC_000514,PN_10_0017
SRC_000515,PN_10_0017
SRC_000516,PN_10_0017
SRC_000517,PN_10_0017
SRC_000518,PN_10_0017
SRC_000519,PN_10_0017
SRC_000520,PN_10_0017
SRC_000521,PN_10_0017
SRC_000522,PN_10_0017
SRC_000523,PN_10_0017
SRC_000524,PN_10_0017
SRC_000525,PN_10_0017
SRC_000526,PN_10_0017
SRC_000527,PN_10_0017
SRC_000528,PN_10_0017
SRC_000529,PN_10_0017
SRC_000530,PN_10_0017
SRC_000531,PN_10_0017
SRC_000532,PN_10_0017
SRC_000533,PN_10_0017
SRC_000534,PN_10_0017
SRC_000535,PN_10_0017
SRC_000536,PN_10_0017
SRC_000537,PN_10_0017
SRC_000538,PN_10_0017
SRC_000539,PN_10_0017
SRC_000540,PN_10_0017
SRC_000541,PN_10_0017
SRC_000542,PN_10_0017
SRC_000543,PN_10_0017
SRC_000544,PN_10_0017
SRC_000545,PN_10_0017
SRC_000546,PN_10_0017
SRC_000547,PN_10_0017
SRC_000548,PN_10_0017
SRC_000549,PN_10_0017
SRC_000550,PN_10_0017
SRC_000551,PN_10_0017
SRC_000552,PN_10_0017
SRC_000553,PN_10_0017
SRC_000554,PN_10_0017
SRC_000555,PN_10_0017
SRC_000556,PN_10_0017
SRC_000557,PN_10_0017
SRC_000558,PN_10_0017
SRC_000559,PN_10_0017
SRC_000560,PN_10_0017
SRC_000561,PN_10_0017
SRC_000562,PN_10_0017
SRC_000563,PN_10_0017
SRC_000564,PN_10_0017
SRC_000565,PN_10_0017
SRC_000566,PN_10_0017
SRC_000567,PN_10_0017
SRC_000568,PN_10_0017
SRC_000569,PN_10_0017
SRC_000570,PN_10_0017
SRC_000571,PN_10_0017
SRC_000572,PN_10_0018
SRC_000573,PN_10_0018
SRC_000574,PN_10_0018
SRC_000575,PN_10_0018
SRC_000576,PN_10_0018
SRC_000577,PN_10_0018
SRC_000578,PN_10_0018
SRC_000579,PN_10_0018
SRC_000580,PN_10_0018
SRC_000581,PN_10_0018
SRC_000582,PN_10_0018
SRC_000583,PN_10_0018
SRC_000584,PN_10_0018
SRC_000585,PN_10_0018
SRC_000586,PN_10_0018
SRC_000587,PN_10_0018
SRC_000588,PN_10_0018
SRC_000589,PN_10_0018
SRC_000590,PN_10_0018
SRC_000591,PN_10_0018
SRC_000592,PN_10_0018
SRC_000593,PN_10_0018
SRC_000594,PN_10_0018
SRC_000595,PN_10_0018
SRC_000596,PN_10_0018
SRC_000597,PN_10_0018
SRC_000598,PN_10_0018
SRC_000599,PN_10_0018
SRC_000600,PN_10_0018
SRC_000601,PN_10_0018
SRC_000602,PN_10_0018
SRC_000603,PN_10_0018
SRC_000604,PN_10_0018
SRC_000605,PN_10_0018
SRC_000606,PN_10_0018
SRC_000607,PN_10_0018
SRC_000608,PN_10_0018
SRC_000609,PN_10_0018
SRC_000610,PN_10_0018
SRC_000611,PN_10_0018
SRC_000612,PN_10_0018
SRC_000613,PN_10_0018
SRC_000614,PN_10_0018
SRC_000615,PN_10_0018
SRC_000616,PN_10_0018
SRC_000617,PN_10_0018
SRC_000618,PN_10_0018
SRC_000619,PN_10_0018
SRC_000620,PN_10_0018
SRC_000621,PN_10_0018
SRC_000622,PN_10_0018
SRC_000623,PN_10_0018
SRC_000624,PN_10_0018
SRC_000625,PN_10_0018
SRC_000626,PN_10_0018
SRC_000627,PN_10_0018
SRC_000628,PN_10_0018
SRC_000629,PN_10_0018
SRC_000630,PN_10_0018
SRC_000631,PN_10_0018
SRC_000632,PN_10_0018
SRC_000633,PN_10_0018
SRC_000634,PN_10_0018
SRC_000635,PN_10_0018
SRC_000636,PN_10_0018
SRC_000637,PN_10_0018
SRC_000638,PN_10_0018
SRC_000639,PN_10_0018
SRC_000640,PN_10_0018
SRC_000641,PN_10_0018
SRC_000642,PN_10_0018
SRC_000643,PN_10_0018
SRC_000644,PN_10_0018
SRC_000645,PN_10_0018
SRC_000646,PN_10_0018
SRC_000647,PN_10_0018
SRC_000648,PN_10_0018
SRC_000649,PN_10_0018
SRC_000650,PN_10_0018
SRC_000651,PN_10_0018
SRC_000262,PN_10_0019
SRC_000263,PN_10_0019
SRC_000264,PN_10_0019
SRC_000265,PN_10_0019
SRC_000266,PN_10_0019
SRC_000267,PN_10_0019
SRC_000268,PN_10_0019
SRC_000269,PN_10_0019
SRC_000270,PN_10_0019
SRC_000271,PN_10_0019
SRC_000272,PN_10_0019
SRC_000273,PN_10_0019
SRC_000274,PN_10_0019
SRC_000275,PN_10_0019
SRC_000276,PN_10_0019
SRC_000277,PN_10_0019
SRC_000278,PN_10_0019
SRC_000279,PN_10_0019
SRC_000280,PN_10_0019
SRC_000281,PN_10_0019
SRC_000282,PN_10_0019
SRC_000283,PN_10_0019
SRC_000284,PN_10_0019
SRC_000285,PN_10_0019
SRC_000286,PN_10_0019
SRC_000287,PN_10_0019
SRC_000288,PN_10_0019
SRC_000289,PN_10_0019
SRC_000290,PN_10_0019
SRC_000291,PN_10_0019
SRC_000292,PN_10_0019
SRC_000293,PN_10_0019
SRC_000294,PN_10_0019
SRC_000295,PN_10_0019
SRC_000296,PN_10_0019
SRC_000297,PN_10_0019
SRC_000298,PN_10_0019
SRC_000299,PN_10_0019
SRC_000300,PN_10_0019
SRC_000301,PN_10_0019
SRC_000302,PN_10_0019
SRC_000303,PN_10_0019
SRC_000304,PN_10_0019
SRC_000305,PN_10_0019
SRC_000306,PN_10_0019
SRC_000307,PN_10_0019
SRC_000308,PN_10_0019
SRC_000309,PN_10_0019
SRC_000310,PN_10_0019
SRC_000311,PN_10_0019
SRC_000312,PN_10_0019
SRC_000313,PN_10_0019
SRC_000314,PN_10_0019
SRC_000315,PN_10_0019
SRC_000316,PN_10_0019
SRC_000317,PN_10_0019
SRC_000318,PN_10_0019
SRC_000319,PN_10_0019
SRC_000320,PN_10_0019
SRC_000321,PN_10_0019
SRC_000322,PN_10_0019
SRC_000323,PN_10_0019
SRC_000324,PN_10_0019
SRC_000325,PN_10_0019
SRC_000326,PN_10_0019
SRC_000327,PN_10_0019
SRC_000328,PN_10_0019
SRC_000329,PN_10_0019
SRC_000330,PN_10_0019
SRC_000331,PN_10_0019
SRC_000332,PN_10_0019
SRC_000333,PN_10_0019
SRC_000334,PN_10_0019
SRC_000335,PN_10_0019
SRC_000336,PN_10_0019
SRC_000337,PN_10_0019
SRC_000338,PN_10_0019
SRC_000339,PN_10_0019
SRC_000340,PN_10_0019
SRC_000341,PN_10_0019
SRC_000342,PN_10_0019
SRC_000343,PN_10_0019
SRC_000344,PN_10_0019
SRC_000345,PN_10_0019
SRC_002636,REVIEW
SRC_002637,REVIEW
SRC_002638,REVIEW
SRC_002639,REVIEW
SRC_002640,REVIEW
SRC_002641,REVIEW
SRC_002642,REVIEW
SRC_002643,REVIEW
SRC_002644,REVIEW
SRC_002645,REVIEW
SRC_002646,REVIEW
SRC_002647,REVIEW
SRC_002648,REVIEW
SRC_002649,REVIEW
SRC_002650,REVIEW
SRC_002651,REVIEW
SRC_002652,REVIEW
SRC_002653,REVIEW
SRC_002654,REVIEW
SRC_002655,REVIEW
SRC_002656,REVIEW
SRC_002657,REVIEW
SRC_002658,REVIEW
SRC_002659,REVIEW
SRC_002660,REVIEW
SRC_002661,REVIEW
SRC_002662,REVIEW
SRC_002663,REVIEW
SRC_002664,REVIEW
SRC_002665,REVIEW
SRC_002666,REVIEW
SRC_002667,REVIEW
SRC_002668,REVIEW
SRC_002669,REVIEW
SRC_002670,REVIEW
SRC_000940,PN_20_0001
SRC_000941,PN_20_0001
SRC_000942,PN_20_0001
SRC_000943,PN_20_0001
SRC_000944,PN_20_0001
SRC_000945,PN_20_0001
SRC_000946,PN_20_0001
SRC_000947,PN_20_0001
SRC_000948,PN_20_0001
SRC_000949,PN_20_0001
SRC_000950,PN_20_0001
SRC_000951,PN_20_0001
SRC_000952,PN_20_0001
SRC_000953,PN_20_0001
SRC_000954,PN_20_0001
SRC_000955,PN_20_0001
SRC_000956,PN_20_0001
SRC_000957,PN_20_0001
SRC_000958,PN_20_0001
SRC_000959,PN_20_0001
SRC_000960,PN_20_0001
SRC_000961,PN_20_0002
SRC_000962,PN_20_0002
SRC_000963,PN_20_0002
SRC_000964,PN_20_0002
SRC_000965,PN_20_0003
SRC_000966,PN_20_0003
SRC_000967,PN_20_0003
SRC_000968,PN_20_0003
SRC_000969,PN_20_0003
SRC_000652,PN_20_0003
SRC_000653,PN_20_0003
SRC_000654,PN_20_0003
SRC_000655,PN_20_0003
SRC_000656,PN_20_0003
SRC_000657,PN_20_0003
SRC_000658,PN_20_0003
SRC_000659,PN_20_0003
SRC_000660,PN_20_0003
SRC_000661,PN_20_0003
SRC_000662,PN_20_0003
SRC_000663,PN_20_0003
SRC_000664,PN_20_0003
SRC_000665,PN_20_0003
SRC_000666,PN_20_0003
SRC_000667,PN_20_0003
SRC_000668,PN_20_0003
SRC_000669,PN_20_0003
SRC_000670,PN_20_0003
SRC_000671,PN_20_0003
SRC_000672,PN_20_0003
SRC_000673,PN_20_0003
SRC_000674,PN_20_0004
SRC_000675,PN_20_0004
SRC_000676,PN_20_0004
SRC_000677,PN_20_0004
SRC_000678,PN_20_0004
SRC_000679,PN_20_0004
SRC_000680,PN_20_0004
SRC_000681,PN_20_0004
SRC_000682,PN_20_0004
SRC_000683,PN_20_0004
SRC_000684,PN_20_0004
SRC_000685,PN_20_0004
SRC_000686,PN_20_0004
SRC_000687,PN_20_0004
SRC_000688,PN_20_0004
SRC_000689,PN_20_0004
SRC_000690,PN_20_0004
SRC_000691,PN_20_0004
SRC_000692,PN_20_0004
SRC_000693,PN_20_0004
SRC_000694,PN_20_0004
SRC_000695,PN_20_0004
SRC_000696,PN_20_0004
SRC_000697,PN_20_0004
SRC_000698,PN_20_0004
SRC_000699,PN_20_0004
SRC_000700,PN_20_0004
SRC_000701,PN_20_0004
SRC_000702,PN_20_0004
SRC_000703,PN_20_0004
SRC_000704,PN_20_0004
SRC_000705,PN_20_0004
SRC_000706,PN_20_0005
SRC_000707,PN_20_0006
SRC_000708,PN_20_0006
SRC_000709,PN_20_0006
SRC_000710,PN_20_0006
SRC_000711,PN_20_0007
SRC_000712,PN_20_0007
SRC_000713,PN_20_0007
SRC_000714,PN_20_0007
SRC_000715,PN_20_0007
SRC_000970,PN_20_0007
SRC_000971,PN_20_0007
SRC_000972,PN_20_0007
SRC_000973,PN_20_0007
SRC_000974,PN_20_0007
SRC_000975,PN_20_0007
SRC_000976,PN_20_0007
SRC_000977,PN_20_0007
SRC_000978,PN_20_0007
SRC_000979,PN_20_0007
SRC_000980,PN_20_0007
SRC_000981,PN_20_0007
SRC_000982,PN_20_0007
SRC_000983,PN_20_0007
SRC_000984,PN_20_0007
SRC_000985,PN_20_0007
SRC_000986,PN_20_0007
SRC_000987,PN_20_0008
SRC_000988,PN_20_0008
SRC_000989,PN_20_0008
SRC_000990,PN_20_0008
SRC_000991,PN_20_0008
SRC_000992,PN_20_0008
SRC_000993,PN_20_0008
SRC_000994,PN_20_0008
SRC_000995,PN_20_0008
SRC_000996,PN_20_0009
SRC_000997,PN_20_0009
SRC_000998,PN_20_0009
SRC_000999,PN_20_0009
SRC_001000,PN_20_0009
SRC_001001,PN_20_0009
SRC_001002,PN_20_0009
SRC_001003,PN_20_0009
SRC_001004,PN_20_0009
SRC_001005,PN_20_0009
SRC_001006,PN_20_0009
SRC_001007,PN_20_0009
SRC_001008,PN_20_0009
SRC_001009,PN_20_0009
SRC_001010,PN_20_0009
SRC_001011,PN_20_0009
SRC_001012,PN_20_0009
SRC_001013,PN_20_0009
SRC_001014,PN_20_0009
SRC_001015,PN_20_0009
SRC_001016,PN_20_0009
SRC_001017,PN_20_0009
SRC_001018,PN_20_0009
SRC_001019,PN_20_0009
SRC_001020,PN_20_0009
SRC_001021,PN_20_0009
SRC_001022,PN_20_0009
SRC_001023,PN_20_0009
SRC_001024,PN_20_0009
SRC_001025,PN_20_0009
SRC_001026,PN_20_0009
SRC_001027,PN_20_0009
SRC_001028,PN_20_0009
SRC_001029,PN_20_0009
SRC_001030,PN_20_0009
SRC_001031,PN_20_0009
SRC_001032,PN_20_0009
SRC_001033,PN_20_0009
SRC_001034,PN_20_0009
SRC_001035,PN_20_0009
SRC_001036,PN_20_0009
SRC_001037,PN_20_0009
SRC_001038,PN_20_0009
SRC_001039,PN_20_0009
SRC_001040,PN_20_0009
SRC_001041,PN_20_0009
SRC_001042,PN_20_0009
SRC_001043,PN_20_0009
SRC_001044,PN_20_0009
SRC_001045,PN_20_0009
SRC_001046,PN_20_0009
SRC_001047,PN_20_0009
SRC_001048,PN_20_0009
SRC_001049,PN_20_0009
SRC_001050,PN_20_0009
SRC_001051,PN_20_0009
SRC_001052,PN_20_0009
SRC_001053,PN_20_0009
SRC_001054,PN_20_0009
SRC_001055,PN_20_0009
SRC_001056,PN_20_0009
SRC_001057,PN_20_0009
SRC_001058,PN_20_0009
SRC_001059,PN_20_0009
SRC_001060,PN_20_0009
SRC_001061,PN_20_0009
SRC_001062,PN_20_0009
SRC_001063,PN_20_0009
SRC_001064,PN_20_0009
SRC_001065,PN_20_0009
SRC_001066,PN_20_0009
SRC_001067,PN_20_0009
SRC_001068,PN_20_0009
SRC_001069,PN_20_0009
SRC_001070,PN_20_0009
SRC_001071,PN_20_0009
SRC_001072,PN_20_0009
SRC_001073,PN_20_0009
SRC_001074,PN_20_0009
SRC_001075,PN_20_0009
SRC_001076,PN_20_0009
SRC_001077,PN_20_0009
SRC_001078,PN_20_0009
SRC_001079,PN_20_0009
SRC_000716,PN_20_0009
SRC_000717,PN_20_0009
SRC_000718,PN_20_0009
SRC_000719,PN_20_0009
SRC_000720,PN_20_0009
SRC_000721,PN_20_0009
SRC_000722,PN_20_0009
SRC_000723,PN_20_0009
SRC_000724,PN_20_0009
SRC_000725,PN_20_0009
SRC_000726,PN_20_0009
SRC_000727,PN_20_0009
SRC_000728,PN_20_0009
SRC_000729,PN_20_0009
SRC_000730,PN_20_0009
SRC_000731,PN_20_0009
SRC_000732,PN_20_0009
SRC_000733,PN_20_0009
SRC_000734,PN_20_0009
SRC_000735,PN_20_0009
SRC_000736,PN_20_0009
SRC_000737,PN_20_0009
SRC_000738,PN_20_0009
SRC_000739,PN_20_0009
SRC_000740,PN_20_0009
SRC_000741,PN_20_0009
SRC_000742,PN_20_0009
SRC_000743,PN_20_0009
SRC_000744,PN_20_0009
SRC_000745,PN_20_0009
SRC_000746,PN_20_0009
SRC_000747,PN_20_0009
SRC_000748,PN_20_0009
SRC_000749,PN_20_0009
SRC_000750,PN_20_0009
SRC_000751,PN_20_0009
SRC_000752,PN_20_0009
SRC_000753,PN_20_0009
SRC_000754,PN_20_0009
SRC_000755,PN_20_0009
SRC_000756,PN_20_0009
SRC_000757,PN_20_0009
SRC_000758,PN_20_0009
SRC_000759,PN_20_0009
SRC_000760,PN_20_0009
SRC_000761,PN_20_0009
SRC_000762,PN_20_0009
SRC_000763,PN_20_0009
SRC_000764,PN_20_0009
SRC_000765,PN_20_0009
SRC_000766,PN_20_0009
SRC_000767,PN_20_0009
SRC_000768,PN_20_0009
SRC_000769,PN_20_0009
SRC_000770,PN_20_0009
SRC_000771,PN_20_0009
SRC_000772,PN_20_0009
SRC_000773,PN_20_0009
SRC_000774,PN_20_0009
SRC_000775,PN_20_0009
SRC_000776,PN_20_0009
SRC_000777,PN_20_0009
SRC_000778,PN_20_0009
SRC_000779,PN_20_0009
SRC_000780,PN_20_0009
SRC_000781,PN_20_0009
SRC_000782,PN_20_0009
SRC_000783,PN_20_0009
SRC_000784,PN_20_0009
SRC_000785,PN_20_0009
SRC_000786,PN_20_0009
SRC_000787,PN_20_0009
SRC_000788,PN_20_0009
SRC_000789,PN_20_0009
SRC_000790,PN_20_0009
SRC_000791,PN_20_0009
SRC_000792,PN_20_0009
SRC_000793,PN_20_0009
SRC_000794,PN_20_0009
SRC_000795,PN_20_0009
SRC_000796,PN_20_0009
SRC_000797,PN_20_0009
SRC_000798,PN_20_0009
SRC_000799,PN_20_0009
SRC_000800,PN_20_0009
SRC_000801,PN_20_0009
SRC_000802,PN_20_0009
SRC_000803,PN_20_0009
SRC_000804,PN_20_0009
SRC_000805,PN_20_0009
SRC_000806,PN_20_0009
SRC_000807,PN_20_0009
SRC_000808,PN_20_0009
SRC_000809,PN_20_0009
SRC_000810,PN_20_0009
SRC_000811,PN_20_0009
SRC_000812,PN_20_0009
SRC_000813,PN_20_0009
SRC_000814,PN_20_0009
SRC_000815,PN_20_0009
SRC_000816,PN_20_0009
SRC_000817,PN_20_0009
SRC_000818,PN_20_0009
SRC_000819,PN_20_0009
SRC_000820,PN_20_0009
SRC_000821,PN_20_0009
SRC_000822,PN_20_0009
SRC_000823,PN_20_0009
SRC_000824,PN_20_0009
SRC_000825,PN_20_0009
SRC_000826,PN_20_0009
SRC_000827,PN_20_0009
SRC_000828,PN_20_0009
SRC_000829,PN_20_0009
SRC_000830,PN_20_0009
SRC_000831,PN_20_0009
SRC_000832,PN_20_0009
SRC_000833,PN_20_0009
SRC_000834,PN_20_0009
SRC_000835,PN_20_0009
SRC_000836,PN_20_0009
SRC_000837,PN_20_0009
SRC_000838,PN_20_0009
SRC_000839,PN_20_0009
SRC_000840,PN_20_0009
SRC_000841,PN_20_0009
SRC_000842,PN_20_0009
SRC_000843,PN_20_0009
SRC_000844,PN_20_0009
SRC_000845,PN_20_0009
SRC_000846,PN_20_0009
SRC_000847,PN_20_0009
SRC_000848,PN_20_0009
SRC_000849,PN_20_0009
SRC_000850,PN_20_0009
SRC_000851,PN_20_0009
SRC_000852,PN_20_0009
SRC_000853,PN_20_0009
SRC_000854,PN_20_0009
SRC_000855,PN_20_0009
SRC_000856,PN_20_0009
SRC_000857,PN_20_0009
SRC_000858,PN_20_0009
SRC_000859,PN_20_0009
SRC_000860,PN_20_0009
SRC_000861,PN_20_0009
SRC_000862,PN_20_0009
SRC_000863,PN_20_0009
SRC_000864,PN_20_0009
SRC_000865,PN_20_0009
SRC_000866,PN_20_0009
SRC_000867,PN_20_0009
SRC_000868,PN_20_0009
SRC_000869,PN_20_0009
SRC_000870,PN_20_0009
SRC_000871,PN_20_0009
SRC_000872,PN_20_0009
SRC_000873,PN_20_0009
SRC_000874,PN_20_0009
SRC_000875,PN_20_0009
SRC_000876,PN_20_0009
SRC_000877,PN_20_0009
SRC_000878,PN_20_0009
SRC_000879,PN_20_0009
SRC_000880,PN_20_0009
SRC_000881,PN_20_0009
SRC_000882,PN_20_0009
SRC_000883,PN_20_0009
SRC_000884,PN_20_0009
SRC_000885,PN_20_0009
SRC_000886,PN_20_0009
SRC_000887,PN_20_0009
SRC_000888,PN_20_0009
SRC_000889,PN_20_0009
SRC_000890,PN_20_0009
SRC_000891,PN_20_0009
SRC_000892,PN_20_0009
SRC_000893,PN_20_0009
SRC_000894,PN_20_0009
SRC_000895,PN_20_0009
SRC_000896,PN_20_0009
SRC_000897,PN_20_0009
SRC_000898,PN_20_0009
SRC_000899,PN_20_0009
SRC_000900,PN_20_0009
SRC_000901,PN_20_0009
SRC_000902,PN_20_0009
SRC_000903,PN_20_0009
SRC_000904,PN_20_0009
SRC_000905,PN_20_0009
SRC_000906,PN_20_0009
SRC_000907,PN_20_0009
SRC_000908,PN_20_0009
SRC_000909,PN_20_0009
SRC_000910,PN_20_0009
SRC_000911,PN_20_0009
SRC_000912,PN_20_0009
SRC_000913,PN_20_0009
SRC_000914,PN_20_0009
SRC_000915,PN_20_0009
SRC_000916,PN_20_0009
SRC_000917,PN_20_0009
SRC_000918,PN_20_0009
SRC_000919,PN_20_0009
SRC_000920,PN_20_0009
SRC_000921,PN_20_0009
SRC_000922,PN_20_0009
SRC_000923,PN_20_0009
SRC_000924,PN_20_0009
SRC_000925,PN_20_0009
SRC_000926,PN_20_0009
SRC_000927,PN_20_0009
SRC_000928,PN_20_0009
SRC_000929,PN_20_0009
SRC_000930,PN_20_0009
SRC_000931,PN_20_0009
SRC_000932,PN_20_0009
SRC_000933,PN_20_0009
SRC_000934,PN_20_0009
SRC_000935,PN_20_0009
SRC_000936,PN_20_0009
SRC_000937,PN_20_0009
SRC_000938,PN_20_0009
SRC_000939,PN_20_0009
SRC_001080,PN_20_0010
SRC_001081,PN_20_0010
SRC_001082,PN_20_0010
SRC_001083,PN_20_0010
SRC_001084,PN_20_0010
SRC_001085,PN_20_0010
SRC_001086,PN_20_0010
SRC_001087,PN_20_0010
SRC_001088,PN_20_0010
SRC_001089,PN_20_0010
SRC_001090,PN_20_0010
SRC_001091,PN_20_0010
SRC_001092,PN_20_0010
SRC_001093,PN_20_0010
SRC_001094,PN_20_0010
SRC_001095,PN_20_0010
SRC_001096,PN_20_0010
SRC_001097,PN_20_0011
SRC_001098,PN_20_0011
SRC_001099,PN_20_0011
SRC_001100,PN_20_0011
SRC_001101,PN_20_0011
SRC_001102,PN_20_0011
SRC_001103,PN_20_0011
SRC_001104,PN_20_0011
SRC_001105,PN_20_0011
SRC_001106,PN_20_0011
SRC_001107,PN_20_0011
SRC_001108,PN_20_0011
SRC_001109,PN_20_0011
SRC_001110,PN_20_0011
SRC_001111,PN_20_0011
SRC_001112,PN_20_0011
SRC_001113,PN_20_0011
SRC_001114,PN_20_0011
SRC_001115,PN_20_0011
SRC_001116,PN_20_0011
SRC_001117,PN_20_0011
SRC_001118,PN_20_0011
SRC_001119,PN_20_0011
SRC_001120,PN_20_0011
SRC_001121,PN_20_0011
SRC_001122,PN_20_0011
SRC_001123,PN_20_0011
SRC_001124,PN_20_0011
SRC_001125,PN_20_0011
SRC_001126,PN_20_0011
SRC_001127,PN_20_0012
SRC_001128,PN_20_0012
SRC_001129,PN_20_0012
SRC_001130,PN_20_0012
SRC_001131,PN_20_0012
SRC_001132,PN_20_0012
SRC_001133,PN_20_0012
SRC_001134,PN_20_0012
SRC_001135,PN_20_0012
SRC_001136,PN_20_0012
SRC_001137,PN_20_0012
SRC_001138,PN_20_0012
SRC_001139,PN_20_0012
SRC_001140,PN_20_0012
SRC_001141,PN_20_0012
SRC_001142,PN_20_0012
SRC_001143,PN_20_0012
SRC_001144,PN_20_0012
SRC_001145,PN_20_0012
SRC_001146,PN_20_0012
SRC_001147,PN_20_0012
SRC_001148,PN_20_0012
SRC_001149,PN_20_0012
SRC_001150,PN_20_0012
SRC_001151,PN_20_0012
SRC_001152,PN_20_0012
SRC_001153,PN_20_0012
SRC_001154,PN_20_0012
SRC_001155,PN_20_0012
SRC_001156,PN_20_0012
SRC_001157,PN_20_0012
SRC_001158,PN_20_0012
SRC_001159,PN_20_0012
SRC_001160,PN_20_0012
SRC_001161,PN_20_0012
SRC_001162,PN_20_0012
SRC_001163,PN_20_0012
SRC_001164,PN_20_0012
SRC_001165,PN_20_0012
SRC_001166,PN_20_0012
SRC_001167,PN_20_0012
SRC_001168,PN_20_0012
SRC_001169,PN_20_0012
SRC_001170,PN_20_0012
SRC_001171,PN_20_0012
SRC_001172,PN_20_0012
SRC_001173,PN_20_0012
SRC_001174,PN_20_0012
SRC_001175,PN_20_0012
SRC_001176,PN_20_0012
SRC_001177,PN_20_0012
SRC_001178,PN_20_0012
SRC_001179,PN_20_0012
SRC_001180,PN_20_0012
SRC_001181,PN_20_0012
SRC_001182,PN_20_0012
SRC_001183,PN_20_0012
SRC_001184,PN_20_0012
SRC_001185,PN_20_0012
SRC_001186,PN_20_0012
SRC_001187,PN_20_0012
SRC_001188,PN_20_0012
SRC_001189,PN_20_0012
SRC_001190,PN_20_0012
SRC_001191,PN_20_0012
SRC_001192,PN_20_0012
SRC_001193,PN_20_0012
SRC_001194,PN_20_0012
SRC_001195,PN_20_0012
SRC_001196,PN_20_0012
SRC_002671,REVIEW
SRC_002672,REVIEW
SRC_002673,REVIEW
SRC_002674,REVIEW
SRC_002675,REVIEW
SRC_002676,REVIEW
SRC_002677,REVIEW
SRC_002678,REVIEW
SRC_002679,REVIEW
SRC_002680,REVIEW
SRC_002681,REVIEW
SRC_002682,REVIEW
SRC_002683,REVIEW
SRC_002684,REVIEW
SRC_002685,REVIEW
SRC_002686,REVIEW
SRC_002687,REVIEW
SRC_002688,REVIEW
SRC_002689,REVIEW
SRC_002690,REVIEW
SRC_002691,REVIEW
SRC_002692,REVIEW
SRC_002693,REVIEW
SRC_002694,REVIEW
SRC_002695,REVIEW
SRC_002696,REVIEW
SRC_002697,REVIEW
SRC_002698,REVIEW
SRC_002699,REVIEW
SRC_002700,REVIEW
SRC_002701,REVIEW
SRC_002702,REVIEW
SRC_001462,PN_50_0001
SRC_001463,PN_50_0001
SRC_001464,PN_50_0001
SRC_001465,PN_50_0001
SRC_001466,PN_50_0001
SRC_001467,PN_50_0001
SRC_001468,PN_50_0001
SRC_001469,PN_50_0001
SRC_001470,PN_50_0001
SRC_001471,PN_50_0001
SRC_001472,PN_50_0001
SRC_001473,PN_50_0001
SRC_001474,PN_50_0001
SRC_001475,PN_50_0001
SRC_001476,PN_50_0001
SRC_001477,PN_50_0001
SRC_001478,PN_50_0001
SRC_001479,PN_50_0002
SRC_001480,PN_50_0002
SRC_001481,PN_50_0002
SRC_001482,PN_50_0002
SRC_001483,PN_50_0002
SRC_001484,PN_50_0002
SRC_001485,PN_50_0002
SRC_001486,PN_50_0002
SRC_001487,PN_50_0002
SRC_001488,PN_50_0002
SRC_001489,PN_50_0002
SRC_001490,PN_50_0002
SRC_001491,PN_50_0002
SRC_001197,PN_50_0002
SRC_001198,PN_50_0002
SRC_001199,PN_50_0002
SRC_001200,PN_50_0002
SRC_001201,PN_50_0002
SRC_001202,PN_50_0002
SRC_001203,PN_50_0002
SRC_001204,PN_50_0002
SRC_001205,PN_50_0002
SRC_001206,PN_50_0002
SRC_001207,PN_50_0002
SRC_001208,PN_50_0002
SRC_001209,PN_50_0002
SRC_001210,PN_50_0002
SRC_001211,PN_50_0002
SRC_001212,PN_50_0002
SRC_001213,PN_50_0002
SRC_001214,PN_50_0002
SRC_001215,PN_50_0002
SRC_001216,PN_50_0002
SRC_001217,PN_50_0002
SRC_001218,PN_50_0002
SRC_001219,PN_50_0002
SRC_001220,PN_50_0002
SRC_001221,PN_50_0002
SRC_001222,PN_50_0002
SRC_001223,PN_50_0002
SRC_001224,PN_50_0002
SRC_001225,PN_50_0002
SRC_001226,PN_50_0002
SRC_001227,PN_50_0002
SRC_001228,PN_50_0003
SRC_001229,PN_50_0003
SRC_001230,PN_50_0003
SRC_001231,PN_50_0003
SRC_001232,PN_50_0003
SRC_001233,PN_50_0003
SRC_001234,PN_50_0003
SRC_001235,PN_50_0003
SRC_001236,PN_50_0003
SRC_001237,PN_50_0003
SRC_001238,PN_50_0003
SRC_001239,PN_50_0003
SRC_001240,PN_50_0003
SRC_001241,PN_50_0003
SRC_001492,PN_50_0003
SRC_001493,PN_50_0003
SRC_001494,PN_50_0003
SRC_001495,PN_50_0003
SRC_001496,PN_50_0003
SRC_001497,PN_50_0003
SRC_001498,PN_50_0003
SRC_001499,PN_50_0003
SRC_001500,PN_50_0003
SRC_001501,PN_50_0003
SRC_001502,PN_50_0003
SRC_001503,PN_50_0003
SRC_001504,PN_50_0003
SRC_001242,PN_50_0004
SRC_001243,PN_50_0004
SRC_001244,PN_50_0004
SRC_001245,PN_50_0004
SRC_001246,PN_50_0004
SRC_001247,PN_50_0004
SRC_001248,PN_50_0004
SRC_001249,PN_50_0004
SRC_001250,PN_50_0004
SRC_001251,PN_50_0004
SRC_001252,PN_50_0004
SRC_001253,PN_50_0004
SRC_001254,PN_50_0004
SRC_001255,PN_50_0004
SRC_001256,PN_50_0004
SRC_001257,PN_50_0004
SRC_001258,PN_50_0004
SRC_001259,PN_50_0004
SRC_001260,PN_50_0004
SRC_001261,PN_50_0004
SRC_001262,PN_50_0004
SRC_001263,PN_50_0004
SRC_001264,PN_50_0004
SRC_001265,PN_50_0004
SRC_001266,PN_50_0004
SRC_001267,PN_50_0004
SRC_001268,PN_50_0004
SRC_001269,PN_50_0004
SRC_001505,PN_50_0005
SRC_001506,PN_50_0005
SRC_001507,PN_50_0005
SRC_001508,PN_50_0005
SRC_001509,PN_50_0005
SRC_001510,PN_50_0005
SRC_001511,PN_50_0005
SRC_001512,PN_50_0005
SRC_001513,PN_50_0005
SRC_001514,PN_50_0005
SRC_001515,PN_50_0005
SRC_001516,PN_50_0005
SRC_001517,PN_50_0005
SRC_001518,PN_50_0005
SRC_001519,PN_50_0005
SRC_001520,PN_50_0005
SRC_001521,PN_50_0005
SRC_001522,PN_50_0005
SRC_001523,PN_50_0005
SRC_001524,PN_50_0005
SRC_001525,PN_50_0005
SRC_001526,PN_50_0005
SRC_001527,PN_50_0005
SRC_001528,PN_50_0005
SRC_001270,PN_50_0006
SRC_001271,PN_50_0006
SRC_001272,PN_50_0006
SRC_001273,PN_50_0006
SRC_001274,PN_50_0006
SRC_001275,PN_50_0006
SRC_001276,PN_50_0006
SRC_001277,PN_50_0006
SRC_001278,PN_50_0006
SRC_001279,PN_50_0006
SRC_001280,PN_50_0006
SRC_001281,PN_50_0006
SRC_001282,PN_50_0006
SRC_001283,PN_50_0006
SRC_001284,PN_50_0006
SRC_001285,PN_50_0006
SRC_001286,PN_50_0006
SRC_001287,PN_50_0006
SRC_001288,PN_50_0006
SRC_001289,PN_50_0006
SRC_001290,PN_50_0006
SRC_001291,PN_50_0006
SRC_001292,PN_50_0006
SRC_001293,PN_50_0006
SRC_001294,PN_50_0006
SRC_001295,PN_50_0006
SRC_001296,PN_50_0006
SRC_001297,PN_50_0006
SRC_001298,PN_50_0006
SRC_001299,PN_50_0006
SRC_001300,PN_50_0006
SRC_001301,PN_50_0006
SRC_001302,PN_50_0006
SRC_001303,PN_50_0006
SRC_001304,PN_50_0006
SRC_001305,PN_50_0006
SRC_001306,PN_50_0006
SRC_001307,PN_50_0006
SRC_001308,PN_50_0006
SRC_001309,PN_50_0006
SRC_001310,PN_50_0006
SRC_001311,PN_50_0006
SRC_001312,PN_50_0006
SRC_001313,PN_50_0006
SRC_001314,PN_50_0006
SRC_001315,PN_50_0006
SRC_001316,PN_50_0006
SRC_001317,PN_50_0006
SRC_001318,PN_50_0006
SRC_001319,PN_50_0006
SRC_001320,PN_50_0006
SRC_001321,PN_50_0006
SRC_001322,PN_50_0006
SRC_001323,PN_50_0006
SRC_001324,PN_50_0006
SRC_001325,PN_50_0006
SRC_001326,PN_50_0006
SRC_001327,PN_50_0006
SRC_001328,PN_50_0006
SRC_001329,PN_50_0006
SRC_001330,PN_50_0006
SRC_001331,PN_50_0006
SRC_001332,PN_50_0006
SRC_001333,PN_50_0006
SRC_001334,PN_50_0006
SRC_001335,PN_50_0006
SRC_001336,PN_50_0006
SRC_001337,PN_50_0006
SRC_001338,PN_50_0006
SRC_001339,PN_50_0006
SRC_001340,PN_50_0006
SRC_001341,PN_50_0006
SRC_001342,PN_50_0006
SRC_001343,PN_50_0006
SRC_001344,PN_50_0006
SRC_001345,PN_50_0006
SRC_001346,PN_50_0006
SRC_001347,PN_50_0006
SRC_001348,PN_50_0006
SRC_001349,PN_50_0006
SRC_001350,PN_50_0006
SRC_001351,PN_50_0006
SRC_001352,PN_50_0006
SRC_001353,PN_50_0006
SRC_001354,PN_50_0006
SRC_001355,PN_50_0006
SRC_001356,PN_50_0006
SRC_001357,PN_50_0006
SRC_001358,PN_50_0006
SRC_001359,PN_50_0006
SRC_001360,PN_50_0006
SRC_001361,PN_50_0006
SRC_001362,PN_50_0006
SRC_001363,PN_50_0006
SRC_001364,PN_50_0007
SRC_001365,PN_50_0007
SRC_001366,PN_50_0007
SRC_001367,PN_50_0007
SRC_001368,PN_50_0007
SRC_001369,PN_50_0007
SRC_001370,PN_50_0007
SRC_001371,PN_50_0007
SRC_001372,PN_50_0007
SRC_001373,PN_50_0007
SRC_001374,PN_50_0007
SRC_001375,PN_50_0007
SRC_001376,PN_50_0007
SRC_001377,PN_50_0007
SRC_001378,PN_50_0008
SRC_001379,PN_50_0008
SRC_001380,PN_50_0008
SRC_001381,PN_50_0008
SRC_001382,PN_50_0008
SRC_001383,PN_50_0008
SRC_001384,PN_50_0009
SRC_001385,PN_50_0009
SRC_001386,PN_50_0009
SRC_001387,PN_50_0009
SRC_001388,PN_50_0009
SRC_001389,PN_50_0009
SRC_001390,PN_50_0010
SRC_001391,PN_50_0010
SRC_001392,PN_50_0010
SRC_001393,PN_50_0010
SRC_001394,PN_50_0010
SRC_001395,PN_50_0010
SRC_001396,PN_50_0010
SRC_001397,PN_50_0010
SRC_001398,PN_50_0010
SRC_001399,PN_50_0010
SRC_001400,PN_50_0010
SRC_001401,PN_50_0010
SRC_001402,PN_50_0010
SRC_001403,PN_50_0010
SRC_001404,PN_50_0010
SRC_001405,PN_50_0010
SRC_001406,PN_50_0010
SRC_001407,PN_50_0010
SRC_001408,PN_50_0010
SRC_001409,PN_50_0010
SRC_001410,PN_50_0010
SRC_001411,PN_50_0010
SRC_001412,PN_50_0010
SRC_001413,PN_50_0010
SRC_001414,PN_50_0010
SRC_001415,PN_50_0010
SRC_001416,PN_50_0010
SRC_001417,PN_50_0010
SRC_001418,PN_50_0010
SRC_001419,PN_50_0010
SRC_001420,PN_50_0010
SRC_001421,PN_50_0010
SRC_001422,PN_50_0010
SRC_001423,PN_50_0010
SRC_001424,PN_50_0010
SRC_001425,PN_50_0010
SRC_001426,PN_50_0010
SRC_001427,PN_50_0010
SRC_001428,PN_50_0010
SRC_001429,PN_50_0010
SRC_001430,PN_50_0010
SRC_001431,PN_50_0010
SRC_001432,PN_50_0010
SRC_001433,PN_50_0010
SRC_001434,PN_50_0010
SRC_001435,PN_50_0010
SRC_001436,PN_50_0010
SRC_001437,PN_50_0010
SRC_001438,PN_50_0010
SRC_001439,PN_50_0010
SRC_001440,PN_50_0010
SRC_001441,PN_50_0010
SRC_001442,PN_50_0010
SRC_001443,PN_50_0010
SRC_001444,PN_50_0010
SRC_001445,PN_50_0010
SRC_001446,PN_50_0010
SRC_001447,PN_50_0010
SRC_001448,PN_50_0010
SRC_001449,PN_50_0010
SRC_001450,PN_50_0010
SRC_001451,PN_50_0010
SRC_001452,PN_50_0010
SRC_001453,PN_50_0010
SRC_001454,PN_50_0010
SRC_001455,PN_50_0010
SRC_001456,PN_50_0010
SRC_001457,PN_50_0010
SRC_001458,PN_50_0010
SRC_001459,PN_50_0010
SRC_001460,PN_50_0011
SRC_001461,PN_50_0011
SRC_001529,PN_50_0012
SRC_001530,PN_50_0012
SRC_001531,PN_50_0012
SRC_001532,PN_50_0012
SRC_001533,PN_50_0012
SRC_001534,PN_50_0012
SRC_001535,PN_50_0012
SRC_001536,PN_50_0012
SRC_001537,PN_50_0012
SRC_001538,PN_50_0012
SRC_001539,PN_50_0012
SRC_001540,PN_50_0012
SRC_001541,PN_50_0012
SRC_001542,PN_50_0012
SRC_001543,PN_50_0012
SRC_001544,PN_50_0012
SRC_001545,PN_50_0012
SRC_001546,PN_50_0012
SRC_001547,PN_50_0012
SRC_001548,PN_50_0012
SRC_001549,PN_50_0012
SRC_001550,PN_50_0012
SRC_001551,PN_50_0012
SRC_001552,PN_50_0012
SRC_001553,PN_50_0012
SRC_001554,PN_50_0012
SRC_001555,PN_50_0012
SRC_001556,PN_50_0012
SRC_001557,PN_50_0012
SRC_001558,PN_50_0012
SRC_001559,PN_50_0012
SRC_001560,PN_50_0012
SRC_001561,PN_50_0012
SRC_001562,PN_50_0012
SRC_001563,PN_50_0012
SRC_001564,PN_50_0012
SRC_001565,PN_50_0012
SRC_001566,PN_50_0012
SRC_001567,PN_50_0012
SRC_001568,PN_50_0012
SRC_001569,PN_50_0012
SRC_001570,PN_50_0012
SRC_001571,PN_50_0012
SRC_001572,PN_50_0012
SRC_001573,PN_50_0012
SRC_001574,PN_50_0012
SRC_001575,PN_50_0012
SRC_001576,PN_50_0012
SRC_001577,PN_50_0012
SRC_001578,PN_50_0012
SRC_001579,PN_50_0012
SRC_001580,PN_50_0012
SRC_001581,PN_50_0012
SRC_001582,PN_50_0012
SRC_001583,PN_50_0012
SRC_001584,PN_50_0012
SRC_001585,PN_50_0012
SRC_001586,PN_50_0012
SRC_001587,PN_50_0012
SRC_001588,PN_50_0012
SRC_001589,PN_50_0012
SRC_001590,PN_50_0012
SRC_001591,PN_50_0012
SRC_001592,PN_50_0012
SRC_001593,PN_50_0012
SRC_001594,PN_50_0012
SRC_001595,PN_50_0012
SRC_001596,PN_50_0012
SRC_001597,PN_50_0012
SRC_001598,PN_50_0012
SRC_001599,PN_50_0012
SRC_001600,PN_50_0012
SRC_001601,PN_50_0012
SRC_001602,PN_50_0012
SRC_001603,PN_50_0012
SRC_001604,PN_50_0012
SRC_001605,PN_50_0012
SRC_001606,PN_50_0012
SRC_001607,PN_50_0012
SRC_001608,PN_50_0012
SRC_001609,PN_50_0012
SRC_001610,PN_50_0012
SRC_001611,PN_50_0012
SRC_001612,PN_50_0012
SRC_001613,PN_50_0012
SRC_001614,PN_50_0012
SRC_001615,PN_50_0012
SRC_001616,PN_50_0012
SRC_001617,PN_50_0012
SRC_001618,PN_50_0012
SRC_001619,PN_50_0012
SRC_001620,PN_50_0012
SRC_001621,PN_50_0012
SRC_001622,PN_50_0012
SRC_001623,PN_50_0012
SRC_001624,PN_50_0012
SRC_001625,PN_50_0012
SRC_001626,PN_50_0012
SRC_001627,PN_50_0012
SRC_001628,PN_50_0012
SRC_001629,PN_50_0012
SRC_001630,PN_50_0012
SRC_001631,PN_50_0012
SRC_001632,PN_50_0012
SRC_001633,PN_50_0012
SRC_001634,PN_50_0012
SRC_001635,PN_50_0012
SRC_001636,PN_50_0012
SRC_001637,PN_50_0012
SRC_001638,PN_50_0012
SRC_001639,PN_50_0012
SRC_001640,PN_50_0012
SRC_001641,PN_50_0012
SRC_001642,PN_50_0012
SRC_001643,PN_50_0012
SRC_001644,PN_50_0012
SRC_001645,PN_50_0012
SRC_001646,PN_50_0012
SRC_001647,PN_50_0012
SRC_001648,PN_50_0012
SRC_001649,PN_50_0012
SRC_001650,PN_50_0012
SRC_001651,PN_50_0012
SRC_001652,PN_50_0012
SRC_001653,PN_50_0012
SRC_001654,PN_50_0012
SRC_001655,PN_50_0012
SRC_001656,PN_50_0012
SRC_001657,PN_50_0012
SRC_001658,PN_50_0012
SRC_001659,PN_50_0012
SRC_001660,PN_50_0012
SRC_001661,PN_50_0012
SRC_001662,PN_50_0012
SRC_001663,PN_50_0012
SRC_001664,PN_50_0012
SRC_001665,PN_50_0012
SRC_001666,PN_50_0012
SRC_001667,PN_50_0012
SRC_001668,PN_50_0012
SRC_001669,PN_50_0012
SRC_001670,PN_50_0012
SRC_001671,PN_50_0012
SRC_001672,PN_50_0012
SRC_001673,PN_50_0012
SRC_001674,PN_50_0012
SRC_001675,PN_50_0012
SRC_001676,PN_50_0012
SRC_001677,PN_50_0012
SRC_001678,PN_50_0012
SRC_001679,PN_50_0012
SRC_001680,PN_50_0012
SRC_001681,PN_50_0012
SRC_001682,PN_50_0012
SRC_001683,PN_50_0012
SRC_001684,PN_50_0012
SRC_001685,PN_50_0012
SRC_001686,PN_50_0012
SRC_001687,PN_50_0012
SRC_001688,PN_50_0012
SRC_001689,PN_50_0012
SRC_001690,PN_50_0012
SRC_001691,PN_50_0012
SRC_001692,PN_50_0012
SRC_001693,PN_50_0012
SRC_001694,PN_50_0012
SRC_001695,PN_50_0013
SRC_002703,REVIEW
SRC_002704,REVIEW
SRC_002705,REVIEW
SRC_002706,REVIEW
SRC_002707,REVIEW
SRC_002708,REVIEW
SRC_002709,REVIEW
SRC_002710,REVIEW
SRC_002711,REVIEW
SRC_002712,REVIEW
SRC_002713,REVIEW
SRC_002714,REVIEW
SRC_002715,REVIEW
SRC_002716,REVIEW
SRC_002717,REVIEW
SRC_002718,REVIEW
SRC_002719,REVIEW
SRC_002720,REVIEW
SRC_002721,REVIEW
SRC_002722,REVIEW
SRC_002723,REVIEW
SRC_002724,REVIEW
SRC_002725,REVIEW
SRC_002726,REVIEW
SRC_002727,REVIEW
SRC_002728,REVIEW
SRC_002729,REVIEW
SRC_002730,REVIEW
SRC_002731,REVIEW
SRC_002732,REVIEW
SRC_002733,REVIEW
SRC_002734,REVIEW
SRC_002735,REVIEW
SRC_002736,REVIEW
SRC_002737,REVIEW
SRC_002738,REVIEW
SRC_002739,REVIEW
SRC_002740,REVIEW
SRC_002741,REVIEW
SRC_002742,REVIEW
SRC_002743,REVIEW
SRC_002744,REVIEW
SRC_002745,REVIEW
SRC_002746,REVIEW
SRC_002747,REVIEW
SRC_002748,REVIEW
SRC_002749,REVIEW
SRC_002750,REVIEW
SRC_002751,REVIEW
SRC_002752,REVIEW
SRC_002753,REVIEW
SRC_002754,REVIEW
SRC_002755,REVIEW
SRC_002756,REVIEW
SRC_002757,REVIEW
SRC_002758,REVIEW
SRC_002759,REVIEW
SRC_002760,REVIEW
SRC_002761,REVIEW
SRC_002762,REVIEW
SRC_002763,REVIEW
SRC_002764,REVIEW
SRC_002765,REVIEW
SRC_002766,REVIEW
SRC_002767,REVIEW
SRC_002768,REVIEW
SRC_002769,REVIEW
SRC_002770,REVIEW
SRC_002771,REVIEW
SRC_002772,REVIEW
SRC_002773,REVIEW
SRC_002774,REVIEW
SRC_002775,REVIEW
SRC_002776,REVIEW
SRC_002777,REVIEW
SRC_002778,REVIEW
SRC_002779,REVIEW
SRC_002780,REVIEW
SRC_002781,REVIEW
SRC_002782,REVIEW
SRC_002783,REVIEW
SRC_002784,REVIEW
SRC_002785,REVIEW
SRC_002786,REVIEW
SRC_002787,REVIEW
SRC_002788,REVIEW
SRC_002789,REVIEW
SRC_002790,REVIEW
SRC_002791,REVIEW
SRC_002792,REVIEW
SRC_002793,REVIEW
SRC_002794,REVIEW
SRC_002795,REVIEW
SRC_002796,REVIEW
SRC_002797,REVIEW
SRC_002798,REVIEW
SRC_002799,REVIEW
SRC_002800,REVIEW
SRC_002801,REVIEW
SRC_002802,REVIEW
SRC_002803,REVIEW
SRC_002804,REVIEW
SRC_002805,REVIEW
SRC_002806,REVIEW
SRC_002807,REVIEW
SRC_002808,REVIEW
SRC_002809,REVIEW
SRC_002810,REVIEW
SRC_002811,REVIEW
SRC_002812,REVIEW
SRC_002813,REVIEW
SRC_001920,PN_100_0001
SRC_001921,PN_100_0001
SRC_001922,PN_100_0001
SRC_001923,PN_100_0001
SRC_001924,PN_100_0001
SRC_001925,PN_100_0001
SRC_001926,PN_100_0001
SRC_001927,PN_100_0001
SRC_001928,PN_100_0001
SRC_001929,PN_100_0001
SRC_001930,PN_100_0001
SRC_001931,PN_100_0001
SRC_001932,PN_100_0001
SRC_001933,PN_100_0001
SRC_001934,PN_100_0001
SRC_001935,PN_100_0001
SRC_001936,PN_100_0001
SRC_001937,PN_100_0001
SRC_001938,PN_100_0001
SRC_001939,PN_100_0001
SRC_001940,PN_100_0001
SRC_001941,PN_100_0001
SRC_001696,PN_100_0002
SRC_001697,PN_100_0002
SRC_001698,PN_100_0002
SRC_001699,PN_100_0002
SRC_001700,PN_100_0002
SRC_001701,PN_100_0002
SRC_001702,PN_100_0002
SRC_001703,PN_100_0002
SRC_001704,PN_100_0003
SRC_001705,PN_100_0003
SRC_001706,PN_100_0003
SRC_001707,PN_100_0003
SRC_001708,PN_100_0003
SRC_001709,PN_100_0003
SRC_001710,PN_100_0003
SRC_001711,PN_100_0003
SRC_001712,PN_100_0004
SRC_001713,PN_100_0004
SRC_001714,PN_100_0005
SRC_001715,PN_100_0005
SRC_001716,PN_100_0005
SRC_001717,PN_100_0005
SRC_001718,PN_100_0005
SRC_001719,PN_100_0005
SRC_001720,PN_100_0005
SRC_001721,PN_100_0005
SRC_001722,PN_100_0005
SRC_001723,PN_100_0005
SRC_001724,PN_100_0005
SRC_001725,PN_100_0005
SRC_001726,PN_100_0005
SRC_001727,PN_100_0005
SRC_001728,PN_100_0005
SRC_001729,PN_100_0005
SRC_001730,PN_100_0005
SRC_001731,PN_100_0005
SRC_001732,PN_100_0005
SRC_001733,PN_100_0005
SRC_001734,PN_100_0005
SRC_001735,PN_100_0005
SRC_001736,PN_100_0005
SRC_001737,PN_100_0005
SRC_001738,PN_100_0005
SRC_001739,PN_100_0005
SRC_001740,PN_100_0005
SRC_001741,PN_100_0005
SRC_001742,PN_100_0005
SRC_001743,PN_100_0005
SRC_001744,PN_100_0005
SRC_001745,PN_100_0005
SRC_001746,PN_100_0005
SRC_001747,PN_100_0005
SRC_001748,PN_100_0005
SRC_001749,PN_100_0005
SRC_001750,PN_100_0005
SRC_001751,PN_100_0005
SRC_001942,PN_100_0005
SRC_001943,PN_100_0005
SRC_001944,PN_100_0005
SRC_001945,PN_100_0005
SRC_001946,PN_100_0005
SRC_001947,PN_100_0005
SRC_001948,PN_100_0005
SRC_001949,PN_100_0005
SRC_001950,PN_100_0005
SRC_001951,PN_100_0005
SRC_001952,PN_100_0005
SRC_001953,PN_100_0005
SRC_001954,PN_100_0005
SRC_001955,PN_100_0005
SRC_001956,PN_100_0005
SRC_001957,PN_100_0005
SRC_001958,PN_100_0005
SRC_001959,PN_100_0005
SRC_001960,PN_100_0005
SRC_001961,PN_100_0005
SRC_001962,PN_100_0005
SRC_001963,PN_100_0005
SRC_001964,PN_100_0005
SRC_001965,PN_100_0005
SRC_001966,PN_100_0005
SRC_001967,PN_100_0005
SRC_001968,PN_100_0005
SRC_001969,PN_100_0005
SRC_001970,PN_100_0005
SRC_001971,PN_100_0005
SRC_001972,PN_100_0005
SRC_001973,PN_100_0005
SRC_001974,PN_100_0005
SRC_001975,PN_100_0006
SRC_001976,PN_100_0006
SRC_001977,PN_100_0006
SRC_001978,PN_100_0006
SRC_001979,PN_100_0006
SRC_001980,PN_100_0006
SRC_001981,PN_100_0006
SRC_001982,PN_100_0006
SRC_001983,PN_100_0006
SRC_001984,PN_100_0007
SRC_001985,PN_100_0007
SRC_001986,PN_100_0007
SRC_001987,PN_100_0007
SRC_001988,PN_100_0007
SRC_001989,PN_100_0007
SRC_001990,PN_100_0007
SRC_001991,PN_100_0007
SRC_001992,PN_100_0007
SRC_001993,PN_100_0007
SRC_001994,PN_100_0007
SRC_001995,PN_100_0007
SRC_001996,PN_100_0007
SRC_001997,PN_100_0007
SRC_001998,PN_100_0007
SRC_001999,PN_100_0007
SRC_002000,PN_100_0007
SRC_002001,PN_100_0007
SRC_002002,PN_100_0007
SRC_002003,PN_100_0007
SRC_002004,PN_100_0007
SRC_002005,PN_100_0007
SRC_002006,PN_100_0007
SRC_002007,PN_100_0007
SRC_002008,PN_100_0007
SRC_002009,PN_100_0007
SRC_002010,PN_100_0007
SRC_002011,PN_100_0007
SRC_002012,PN_100_0007
SRC_002013,PN_100_0007
SRC_002014,PN_100_0007
SRC_002015,PN_100_0007
SRC_002016,PN_100_0007
SRC_002017,PN_100_0007
SRC_002018,PN_100_0007
SRC_002019,PN_100_0007
SRC_002020,PN_100_0007
SRC_002021,PN_100_0007
SRC_002022,PN_100_0007
SRC_002023,PN_100_0007
SRC_002024,PN_100_0007
SRC_002025,PN_100_0007
SRC_002026,PN_100_0007
SRC_001752,PN_100_0008
SRC_001753,PN_100_0008
SRC_001754,PN_100_0008
SRC_001755,PN_100_0008
SRC_001756,PN_100_0008
SRC_001757,PN_100_0008
SRC_001758,PN_100_0008
SRC_001759,PN_100_0008
SRC_001760,PN_100_0008
SRC_001761,PN_100_0008
SRC_001762,PN_100_0008
SRC_001763,PN_100_0008
SRC_001764,PN_100_0008
SRC_001765,PN_100_0008
SRC_001766,PN_100_0008
SRC_001767,PN_100_0008
SRC_001768,PN_100_0008
SRC_001769,PN_100_0008
SRC_001770,PN_100_0008
SRC_001771,PN_100_0008
SRC_001772,PN_100_0008
SRC_001773,PN_100_0008
SRC_001774,PN_100_0008
SRC_001775,PN_100_0008
SRC_001776,PN_100_0009
SRC_001777,PN_100_0009
SRC_001778,PN_100_0009
SRC_001779,PN_100_0009
SRC_001780,PN_100_0009
SRC_001781,PN_100_0009
SRC_001782,PN_100_0009
SRC_001783,PN_100_0009
SRC_001784,PN_100_0009
SRC_001785,PN_100_0009
SRC_001786,PN_100_0009
SRC_001787,PN_100_0009
SRC_001788,PN_100_0009
SRC_001789,PN_100_0009
SRC_001790,PN_100_0009
SRC_001791,PN_100_0009
SRC_001792,PN_100_0009
SRC_001793,PN_100_0009
SRC_001794,PN_100_0009
SRC_001795,PN_100_0009
SRC_001796,PN_100_0009
SRC_001797,PN_100_0010
SRC_001798,PN_100_0011
SRC_001799,PN_100_0011
SRC_001800,PN_100_0011
SRC_001801,PN_100_0011
SRC_001802,PN_100_0011
SRC_001803,PN_100_0011
SRC_001804,PN_100_0011
SRC_001805,PN_100_0011
SRC_001806,PN_100_0011
SRC_001807,PN_100_0011
SRC_001808,PN_100_0011
SRC_001809,PN_100_0011
SRC_001810,PN_100_0011
SRC_001811,PN_100_0011
SRC_001812,PN_100_0011
SRC_001813,PN_100_0011
SRC_001814,PN_100_0011
SRC_001815,PN_100_0011
SRC_001816,PN_100_0011
SRC_001817,PN_100_0011
SRC_001818,PN_100_0011
SRC_001819,PN_100_0012
SRC_001820,PN_100_0012
SRC_001821,PN_100_0013
SRC_001822,PN_100_0013
SRC_001823,PN_100_0013
SRC_001824,PN_100_0013
SRC_001825,PN_100_0013
SRC_001826,PN_100_0013
SRC_001827,PN_100_0013
SRC_001828,PN_100_0013
SRC_001829,PN_100_0013
SRC_001830,PN_100_0013
SRC_001831,PN_100_0013
SRC_001832,PN_100_0013
SRC_001833,PN_100_0013
SRC_001834,PN_100_0013
SRC_001835,PN_100_0013
SRC_001836,PN_100_0013
SRC_001837,PN_100_0013
SRC_001838,PN_100_0013
SRC_001839,PN_100_0013
SRC_001840,PN_100_0013
SRC_001841,PN_100_0014
SRC_001842,PN_100_0014
SRC_001843,PN_100_0014
SRC_001844,PN_100_0014
SRC_001845,PN_100_0014
SRC_001846,PN_100_0014
SRC_001847,PN_100_0014
SRC_001848,PN_100_0014
SRC_001849,PN_100_0014
SRC_001850,PN_100_0014
SRC_001851,PN_100_0014
SRC_001852,PN_100_0014
SRC_001853,PN_100_0014
SRC_001854,PN_100_0014
SRC_001855,PN_100_0014
SRC_001856,PN_100_0014
SRC_001857,PN_100_0015
SRC_001858,PN_100_0015
SRC_001859,PN_100_0015
SRC_001860,PN_100_0015
SRC_001861,PN_100_0015
SRC_001862,PN_100_0015
SRC_001863,PN_100_0016
SRC_001864,PN_100_0016
SRC_001865,PN_100_0016
SRC_001866,PN_100_0016
SRC_001867,PN_100_0016
SRC_001868,PN_100_0016
SRC_001869,PN_100_0016
SRC_001870,PN_100_0016
SRC_001871,PN_100_0016
SRC_001872,PN_100_0016
SRC_001873,PN_100_0016
SRC_001874,PN_100_0016
SRC_001875,PN_100_0016
SRC_001876,PN_100_0016
SRC_001877,PN_100_0016
SRC_001878,PN_100_0016
SRC_001879,PN_100_0016
SRC_001880,PN_100_0016
SRC_001881,PN_100_0016
SRC_001882,PN_100_0016
SRC_001883,PN_100_0016
SRC_001884,PN_100_0016
SRC_001885,PN_100_0016
SRC_001886,PN_100_0016
SRC_001887,PN_100_0016
SRC_001888,PN_100_0016
SRC_001889,PN_100_0016
SRC_001890,PN_100_0016
SRC_001891,PN_100_0016
SRC_001892,PN_100_0016
SRC_001893,PN_100_0016
SRC_001894,PN_100_0016
SRC_001895,PN_100_0016
SRC_001896,PN_100_0016
SRC_001897,PN_100_0016
SRC_001898,PN_100_0016
SRC_001899,PN_100_0016
SRC_001900,PN_100_0016
SRC_001901,PN_100_0016
SRC_001902,PN_100_0016
SRC_001903,PN_100_0016
SRC_001904,PN_100_0016
SRC_001905,PN_100_0016
SRC_001906,PN_100_0016
SRC_001907,PN_100_0016
SRC_001908,PN_100_0016
SRC_001909,PN_100_0016
SRC_001910,PN_100_0017
SRC_001911,PN_100_0017
SRC_001912,PN_100_0017
SRC_001913,PN_100_0017
SRC_001914,PN_100_0017
SRC_001915,PN_100_0017
SRC_001916,PN_100_0017
SRC_001917,PN_100_0017
SRC_001918,PN_100_0017
SRC_001919,PN_100_0017
SRC_002814,REVIEW
SRC_002815,REVIEW
SRC_002816,REVIEW
SRC_002817,REVIEW
SRC_002818,REVIEW
SRC_002819,REVIEW
SRC_002820,REVIEW
SRC_002821,REVIEW
SRC_002822,REVIEW
SRC_002823,REVIEW
SRC_002824,REVIEW
SRC_002825,REVIEW
SRC_002826,REVIEW
SRC_002827,REVIEW
SRC_002828,REVIEW
SRC_002829,REVIEW
SRC_002830,REVIEW
SRC_002831,REVIEW
SRC_002832,REVIEW
SRC_002833,REVIEW
SRC_002834,REVIEW
SRC_002835,REVIEW
SRC_002836,REVIEW
SRC_002837,REVIEW
SRC_002838,REVIEW
SRC_002839,REVIEW
SRC_002840,REVIEW
SRC_002841,REVIEW
SRC_002842,REVIEW
SRC_002033,PN_200_0001
SRC_002034,PN_200_0001
SRC_002035,PN_200_0001
SRC_002036,PN_200_0001
SRC_002037,PN_200_0001
SRC_002038,PN_200_0001
SRC_002039,PN_200_0002
SRC_002040,PN_200_0002
SRC_002041,PN_200_0003
SRC_002042,PN_200_0003
SRC_002043,PN_200_0004
SRC_002044,PN_200_0005
SRC_002045,PN_200_0005
SRC_002046,PN_200_0005
SRC_002047,PN_200_0005
SRC_002048,PN_200_0005
SRC_002049,PN_200_0005
SRC_002050,PN_200_0005
SRC_002051,PN_200_0005
SRC_002052,PN_200_0005
SRC_002053,PN_200_0005
SRC_002054,PN_200_0005
SRC_002055,PN_200_0005
SRC_002056,PN_200_0005
SRC_002057,PN_200_0005
SRC_002058,PN_200_0005
SRC_002059,PN_200_0005
SRC_002060,PN_200_0005
SRC_002061,PN_200_0005
SRC_002062,PN_200_0006
SRC_002063,PN_200_0006
SRC_002064,PN_200_0006
SRC_002065,PN_200_0006
SRC_002066,PN_200_0006
SRC_002067,PN_200_0007
SRC_002068,PN_200_0007
SRC_002069,PN_200_0007
SRC_002070,PN_200_0008
SRC_002071,PN_200_0008
SRC_002072,PN_200_0008
SRC_002073,PN_200_0009
SRC_002074,PN_200_0009
SRC_002075,PN_200_0009
SRC_002076,PN_200_0009
SRC_002077,PN_200_0009
SRC_002078,PN_200_0009
SRC_002079,PN_200_0009
SRC_002080,PN_200_0009
SRC_002081,PN_200_0009
SRC_002082,PN_200_0009
SRC_002083,PN_200_0009
SRC_002084,PN_200_0009
SRC_002085,PN_200_0009
SRC_002086,PN_200_0009
SRC_002087,PN_200_0009
SRC_002088,PN_200_0009
SRC_002089,PN_200_0009
SRC_002090,PN_200_0009
SRC_002091,PN_200_0009
SRC_002092,PN_200_0009
SRC_002093,PN_200_0009
SRC_002094,PN_200_0009
SRC_002095,PN_200_0009
SRC_002096,PN_200_0009
SRC_002097,PN_200_0009
SRC_002098,PN_200_0009
SRC_002099,PN_200_0009
SRC_002100,PN_200_0009
SRC_002101,PN_200_0009
SRC_002102,PN_200_0009
SRC_002103,PN_200_0009
SRC_002104,PN_200_0009
SRC_002105,PN_200_0009
SRC_002106,PN_200_0009
SRC_002107,PN_200_0010
SRC_002108,PN_200_0010
SRC_002109,PN_200_0010
SRC_002110,PN_200_0010
SRC_002111,PN_200_0010
SRC_002112,PN_200_0010
SRC_002113,PN_200_0010
SRC_002114,PN_200_0010
SRC_002115,PN_200_0010
SRC_002116,PN_200_0010
SRC_002117,PN_200_0010
SRC_002118,PN_200_0011
SRC_002119,PN_200_0011
SRC_002120,PN_200_0011
SRC_002121,PN_200_0011
SRC_002122,PN_200_0011
SRC_002123,PN_200_0011
SRC_002124,PN_200_0011
SRC_002125,PN_200_0011
SRC_002126,PN_200_0011
SRC_002127,PN_200_0011
SRC_002128,PN_200_0012
SRC_002129,PN_200_0012
SRC_002130,PN_200_0012
SRC_002131,PN_200_0012
SRC_002132,PN_200_0012
SRC_002133,PN_200_0012
SRC_002134,PN_200_0012
SRC_002135,PN_200_0013
SRC_002136,PN_200_0013
SRC_002137,PN_200_0013
SRC_002138,PN_200_0013
SRC_002139,PN_200_0013
SRC_002140,PN_200_0013
SRC_002141,PN_200_0013
SRC_002142,PN_200_0013
SRC_002143,PN_200_0013
SRC_002144,PN_200_0013
SRC_002145,PN_200_0013
SRC_002146,PN_200_0013
SRC_002147,PN_200_0013
SRC_002148,PN_200_0014
SRC_002149,PN_200_0014
SRC_002150,PN_200_0015
SRC_002151,PN_200_0015
SRC_002152,PN_200_0015
SRC_002153,PN_200_0015
SRC_002154,PN_200_0015
SRC_002155,PN_200_0015
SRC_002156,PN_200_0015
SRC_002157,PN_200_0015
SRC_002158,PN_200_0015
SRC_002159,PN_200_0015
SRC_002160,PN_200_0015
SRC_002161,PN_200_0015
SRC_002162,PN_200_0015
SRC_002163,PN_200_0015
SRC_002164,PN_200_0015
SRC_002165,PN_200_0016
SRC_002166,PN_200_0016
SRC_002167,PN_200_0016
SRC_002168,PN_200_0016
SRC_002169,PN_200_0016
SRC_002170,PN_200_0017
SRC_002171,PN_200_0017
SRC_002172,PN_200_0017
SRC_002173,PN_200_0018
SRC_002174,PN_200_0018
SRC_002175,PN_200_0018
SRC_002176,PN_200_0019
SRC_002177,PN_200_0019
SRC_002178,PN_200_0019
SRC_002179,PN_200_0019
SRC_002180,PN_200_0019
SRC_002181,PN_200_0019
SRC_002182,PN_200_0020
SRC_002183,PN_200_0020
SRC_002184,PN_200_0020
SRC_002185,PN_200_0020
SRC_002186,PN_200_0020
SRC_002187,PN_200_0020
SRC_002188,PN_200_0021
SRC_002189,PN_200_0021
SRC_002190,PN_200_0021
SRC_002191,PN_200_0021
SRC_002192,PN_200_0021
SRC_002193,PN_200_0021
SRC_002194,PN_200_0021
SRC_002195,PN_200_0021
SRC_002196,PN_200_0021
SRC_002197,PN_200_0021
SRC_002198,PN_200_0021
SRC_002199,PN_200_0021
SRC_002200,PN_200_0021
SRC_002201,PN_200_0021
SRC_002202,PN_200_0021
SRC_002203,PN_200_0021
SRC_002204,PN_200_0021
SRC_002205,PN_200_0021
SRC_002206,PN_200_0021
SRC_002207,PN_200_0021
SRC_002208,PN_200_0021
SRC_002209,PN_200_0021
SRC_002210,PN_200_0021
SRC_002211,PN_200_0021
SRC_002212,PN_200_0021
SRC_002213,PN_200_0021
SRC_002214,PN_200_0021
SRC_002215,PN_200_0021
SRC_002216,PN_200_0021
SRC_002217,PN_200_0021
SRC_002218,PN_200_0021
SRC_002219,PN_200_0021
SRC_002220,PN_200_0021
SRC_002221,PN_200_0021
SRC_002222,PN_200_0021
SRC_002223,PN_200_0021
SRC_002224,PN_200_0021
SRC_002225,PN_200_0021
SRC_002226,PN_200_0021
SRC_002227,PN_200_0021
SRC_002228,PN_200_0021
SRC_002229,PN_200_0021
SRC_002230,PN_200_0021
SRC_002231,PN_200_0021
SRC_002232,PN_200_0021
SRC_002233,PN_200_0021
SRC_002234,PN_200_0021
SRC_002235,PN_200_0021
SRC_002236,PN_200_0021
SRC_002237,PN_200_0021
SRC_002238,PN_200_0021
SRC_002239,PN_200_0021
SRC_002240,PN_200_0021
SRC_002241,PN_200_0021
SRC_002242,PN_200_0021
SRC_002243,PN_200_0021
SRC_002244,PN_200_0021
SRC_002245,PN_200_0021
SRC_002246,PN_200_0021
SRC_002247,PN_200_0021
SRC_002248,PN_200_0021
SRC_002249,PN_200_0021
SRC_002250,PN_200_0021
SRC_002251,PN_200_0021
SRC_002252,PN_200_0021
SRC_002253,PN_200_0021
SRC_002254,PN_200_0021
SRC_002255,PN_200_0021
SRC_002256,PN_200_0022
SRC_002257,PN_200_0022
SRC_002258,PN_200_0022
SRC_002259,PN_200_0022
SRC_002260,PN_200_0022
SRC_002261,PN_200_0022
SRC_002262,PN_200_0022
SRC_002263,PN_200_0022
SRC_002264,PN_200_0022
SRC_002265,PN_200_0022
SRC_002266,PN_200_0022
SRC_002267,PN_200_0022
SRC_002268,PN_200_0022
SRC_002269,PN_200_0022
SRC_002270,PN_200_0022
SRC_002271,PN_200_0022
SRC_002272,PN_200_0022
SRC_002273,PN_200_0022
SRC_002274,PN_200_0022
SRC_002275,PN_200_0022
SRC_002276,PN_200_0022
SRC_002277,PN_200_0022
SRC_002278,PN_200_0022
SRC_002279,PN_200_0022
SRC_002280,PN_200_0022
SRC_002281,PN_200_0022
SRC_002282,PN_200_0022
SRC_002283,PN_200_0022
SRC_002284,PN_200_0022
SRC_002285,PN_200_0022
SRC_002286,PN_200_0022
SRC_002287,PN_200_0022
SRC_002288,PN_200_0022
SRC_002289,PN_200_0022
SRC_002290,PN_200_0022
SRC_002291,PN_200_0022
SRC_002292,PN_200_0022
SRC_002293,PN_200_0022
SRC_002294,PN_200_0022
SRC_002295,PN_200_0022
SRC_002296,PN_200_0022
SRC_002297,PN_200_0022
SRC_002298,PN_200_0022
SRC_002027,PN_200_0023
SRC_002028,PN_200_0023
SRC_002029,PN_200_0023
SRC_002030,PN_200_0023
SRC_002031,PN_200_0023
SRC_002032,PN_200_0023
SRC_002843,REVIEW
SRC_002844,REVIEW
SRC_002845,REVIEW
SRC_002846,REVIEW
SRC_002847,REVIEW
SRC_002848,REVIEW
SRC_002849,REVIEW
SRC_002850,REVIEW
SRC_002851,REVIEW
SRC_002852,REVIEW
SRC_002853,REVIEW
SRC_002854,REVIEW
SRC_002855,REVIEW
SRC_002856,REVIEW
SRC_002857,REVIEW
SRC_002858,REVIEW
SRC_002859,REVIEW
SRC_002860,REVIEW
SRC_002861,REVIEW
SRC_002862,REVIEW
SRC_002863,REVIEW
SRC_002864,REVIEW
SRC_002865,REVIEW
SRC_002866,REVIEW
SRC_002867,REVIEW
SRC_002868,REVIEW
SRC_002869,REVIEW
SRC_002870,REVIEW
SRC_002871,REVIEW
SRC_002872,REVIEW
SRC_002873,REVIEW
SRC_002874,REVIEW
SRC_002875,REVIEW
SRC_002876,REVIEW
SRC_002877,REVIEW
SRC_002878,REVIEW
SRC_002879,REVIEW
SRC_002880,REVIEW
SRC_002881,REVIEW
SRC_002882,REVIEW
SRC_002883,REVIEW
SRC_002884,REVIEW
SRC_002885,REVIEW
SRC_002886,REVIEW
SRC_002299,PN_500_0001
SRC_002300,PN_500_0001
SRC_002301,PN_500_0001
SRC_002302,PN_500_0001
SRC_002303,PN_500_0001
SRC_002304,PN_500_0001
SRC_002305,PN_500_0001
SRC_002306,PN_500_0001
SRC_002307,PN_500_0001
SRC_002308,PN_500_0001
SRC_002309,PN_500_0001
SRC_002310,PN_500_0001
SRC_002311,PN_500_0001
SRC_002312,PN_500_0001
SRC_002313,PN_500_0001
SRC_002314,PN_500_0001
SRC_002315,PN_500_0001
SRC_002316,PN_500_0001
SRC_002317,PN_500_0001
SRC_002318,PN_500_0001
SRC_002319,PN_500_0001
SRC_002320,PN_500_0002
SRC_002321,PN_500_0002
SRC_002322,PN_500_0002
SRC_002323,PN_500_0002
SRC_002324,PN_500_0002
SRC_002325,PN_500_0003
SRC_002326,PN_500_0003
SRC_002327,PN_500_0003
SRC_002328,PN_500_0003
SRC_002329,PN_500_0003
SRC_002330,PN_500_0003
SRC_002331,PN_500_0003
SRC_002332,PN_500_0003
SRC_002333,PN_500_0003
SRC_002334,PN_500_0003
SRC_002335,PN_500_0003
SRC_002336,PN_500_0003
SRC_002337,PN_500_0003
SRC_002338,PN_500_0003
SRC_002339,PN_500_0003
SRC_002340,PN_500_0003
SRC_002341,PN_500_0003
SRC_002342,PN_500_0003
SRC_002343,PN_500_0003
SRC_002344,PN_500_0004
SRC_002345,PN_500_0004
SRC_002346,PN_500_0005
SRC_002347,PN_500_0005
SRC_002348,PN_500_0006
SRC_002349,PN_500_0006
SRC_002350,PN_500_0006
SRC_002351,PN_500_0007
SRC_002352,PN_500_0007
SRC_002353,PN_500_0007
SRC_002354,PN_500_0007
SRC_002355,PN_500_0007
SRC_002356,PN_500_0007
SRC_002357,PN_500_0007
SRC_002358,PN_500_0007
SRC_002359,PN_500_0007
SRC_002360,PN_500_0007
SRC_002361,PN_500_0007
SRC_002362,PN_500_0007
SRC_002363,PN_500_0008
SRC_002364,PN_500_0009
SRC_002365,PN_500_0009
SRC_002366,PN_500_0009
SRC_002367,PN_500_0010
SRC_002368,PN_500_0010
SRC_002369,PN_500_0010
SRC_002370,PN_500_0010
SRC_002371,PN_500_0010
SRC_002372,PN_500_0010
SRC_002373,PN_500_0010
SRC_002374,PN_500_0010
SRC_002375,PN_500_0010
SRC_002376,PN_500_0010
SRC_002377,PN_500_0010
SRC_002378,PN_500_0010
SRC_002379,PN_500_0010
SRC_002380,PN_500_0010
SRC_002381,PN_500_0010
SRC_002382,PN_500_0010
SRC_002383,PN_500_0010
SRC_002384,PN_500_0010
SRC_002385,PN_500_0010
SRC_002386,PN_500_0010
SRC_002387,PN_500_0010
SRC_002388,PN_500_0010
SRC_002389,PN_500_0010
SRC_002390,PN_500_0011
SRC_002391,PN_500_0011
SRC_002392,PN_500_0011
SRC_002393,PN_500_0011
SRC_002394,PN_500_0011
SRC_002395,PN_500_0011
SRC_002396,PN_500_0012
SRC_002397,PN_500_0012
SRC_002398,PN_500_0012
SRC_002399,PN_500_0012
SRC_002400,PN_500_0013
SRC_002401,PN_500_0014
SRC_002402,PN_500_0014
SRC_002403,PN_500_0014
SRC_002404,PN_500_0015
SRC_002405,PN_500_0015
SRC_002406,PN_500_0015
SRC_002407,PN_500_0015
SRC_002408,PN_500_0015
SRC_002409,PN_500_0015
SRC_002410,PN_500_0015
SRC_002411,PN_500_0015
SRC_002412,PN_500_0016
SRC_002413,PN_500_0016
SRC_002414,PN_500_0016
SRC_002415,PN_500_0016
SRC_002416,PN_500_0016
SRC_002417,PN_500_0017
SRC_002418,PN_500_0017
SRC_002419,PN_500_0017
SRC_002420,PN_500_0017
SRC_002421,PN_500_0017
SRC_002422,PN_500_0017
SRC_002423,PN_500_0017
SRC_002424,PN_500_0017
SRC_002425,PN_500_0017
SRC_002426,PN_500_0018
SRC_002427,PN_500_0018
SRC_002428,PN_500_0018
SRC_002429,PN_500_0018
SRC_002430,PN_500_0018
SRC_002431,PN_500_0018
SRC_002432,PN_500_0018
SRC_002433,PN_500_0018
SRC_002434,PN_500_0018
SRC_002435,PN_500_0018
SRC_002436,PN_500_0018
SRC_002437,PN_500_0018
SRC_002438,PN_500_0018
SRC_002439,PN_500_0018
SRC_002440,PN_500_0019
SRC_002441,PN_500_0019
SRC_002442,PN_500_0019
SRC_002443,PN_500_0019
SRC_002444,PN_500_0019
SRC_002445,PN_500_0020
SRC_002446,PN_500_0020
SRC_002447,PN_500_0020
SRC_002448,PN_500_0020
SRC_002449,PN_500_0020
SRC_002450,PN_500_0020
SRC_002451,PN_500_0020
SRC_002452,PN_500_0020
SRC_002453,PN_500_0020
SRC_002454,PN_500_0021
SRC_002455,PN_500_0021
SRC_002456,PN_500_0021
SRC_002457,PN_500_0021
SRC_002458,PN_500_0021
SRC_002459,PN_500_0021
SRC_002460,PN_500_0021
SRC_002461,PN_500_0021
SRC_002462,PN_500_0021
SRC_002463,PN_500_0022
SRC_002464,PN_500_0022
SRC_002465,PN_500_0022
SRC_002466,PN_500_0022
SRC_002467,PN_500_0023
SRC_002468,PN_500_0023
SRC_002469,PN_500_0023
SRC_002470,PN_500_0024
SRC_002471,PN_500_0024
SRC_002472,PN_500_0024
SRC_002473,PN_500_0024
SRC_002474,PN_500_0024
SRC_002475,PN_500_0025
SRC_002476,PN_500_0025
SRC_002477,PN_500_0025
SRC_002478,PN_500_0026
SRC_002479,PN_500_0026
SRC_002480,PN_500_0026
SRC_002481,PN_500_0026
SRC_002482,PN_500_0026
SRC_002483,PN_500_0026
SRC_002484,PN_500_0026
SRC_002485,PN_500_0026
SRC_002486,PN_500_0026
SRC_002487,PN_500_0026
SRC_002488,PN_500_0027
SRC_002489,PN_500_0027
SRC_002490,PN_500_0027
SRC_002491,PN_500_0027
SRC_002492,PN_500_0027
SRC_002493,PN_500_0027
SRC_002494,PN_500_0027
SRC_002495,PN_500_0027
SRC_002496,PN_500_0027
SRC_002497,PN_500_0027
SRC_002498,PN_500_0027
SRC_002499,PN_500_0027
SRC_002500,PN_500_0027
SRC_002501,PN_500_0027
SRC_002502,PN_500_0027
SRC_002503,PN_500_0027
SRC_002504,PN_500_0027
SRC_002505,PN_500_0027
SRC_002506,PN_500_0028
SRC_002507,PN_500_0028
SRC_002508,PN_500_0028
SRC_002509,PN_500_0028
SRC_002510,PN_500_0029
SRC_002511,PN_500_0029
SRC_002512,PN_500_0029
SRC_002513,PN_500_0029
SRC_002514,PN_500_0029
SRC_002515,PN_500_0029
SRC_002516,PN_500_0029
SRC_002517,PN_500_0029
SRC_002518,PN_500_0029
SRC_002519,PN_500_0029
SRC_002520,PN_500_0029
SRC_002521,PN_500_0029
SRC_002522,PN_500_0029
SRC_002523,PN_500_0029
SRC_002524,PN_500_0029
SRC_002525,PN_500_0029
SRC_002526,PN_500_0029
SRC_002527,PN_500_0029
SRC_002528,PN_500_0029
SRC_002529,PN_500_0029
SRC_002530,PN_500_0029
SRC_002531,PN_500_0029
SRC_002532,PN_500_0029
SRC_002533,PN_500_0029
SRC_002534,PN_500_0029
SRC_002535,PN_500_0029
SRC_002536,PN_500_0029
SRC_002537,PN_500_0029
SRC_002538,PN_500_0029
SRC_002539,PN_500_0029
SRC_002540,PN_500_0029
SRC_002541,PN_500_0029
SRC_002542,PN_500_0029
SRC_002543,PN_500_0029
SRC_002544,PN_500_0029
SRC_002545,PN_500_0029
SRC_002546,PN_500_0029
SRC_002547,PN_500_0029
SRC_002548,PN_500_0029
SRC_002549,PN_500_0029
SRC_002550,PN_500_0029
SRC_002551,PN_500_0029
SRC_002552,PN_500_0029
SRC_002553,PN_500_0029
SRC_002554,PN_500_0029
SRC_002555,PN_500_0029
SRC_002556,PN_500_0029
SRC_002557,PN_500_0029
SRC_002558,PN_500_0029
SRC_002559,PN_500_0029
SRC_002560,PN_500_0029
SRC_002561,PN_500_0029
SRC_002562,PN_500_0029
SRC_002563,PN_500_0029
SRC_002564,PN_500_0029
SRC_002565,PN_500_0029
SRC_002566,PN_500_0029
SRC_002567,PN_500_0029
SRC_002568,PN_500_0029
SRC_002569,PN_500_0029
SRC_002570,PN_500_0029
SRC_002571,PN_500_0029
SRC_002572,PN_500_0029
SRC_002573,PN_500_0029
SRC_002574,PN_500_0029
SRC_002575,PN_500_0029
SRC_002576,PN_500_0029
SRC_002577,PN_500_0029
